/*
SQLyog Ultimate v8.32 
MySQL - 5.1.47-community : Database - viettelone
*********************************************************************
*/

/*!40101 SET NAMES utf8 */;

/*!40101 SET SQL_MODE=''*/;

/*!40014 SET @OLD_UNIQUE_CHECKS=@@UNIQUE_CHECKS, UNIQUE_CHECKS=0 */;
/*!40014 SET @OLD_FOREIGN_KEY_CHECKS=@@FOREIGN_KEY_CHECKS, FOREIGN_KEY_CHECKS=0 */;
/*!40101 SET @OLD_SQL_MODE=@@SQL_MODE, SQL_MODE='NO_AUTO_VALUE_ON_ZERO' */;
/*!40111 SET @OLD_SQL_NOTES=@@SQL_NOTES, SQL_NOTES=0 */;
CREATE DATABASE /*!32312 IF NOT EXISTS*/`viettelone` /*!40100 DEFAULT CHARACTER SET utf8 */;

USE `viettelone`;

/*Table structure for table `app_file` */

DROP TABLE IF EXISTS `app_file`;

CREATE TABLE `app_file` (
  `AppFileID` bigint(20) NOT NULL AUTO_INCREMENT,
  `AppName` varchar(255) DEFAULT NULL,
  `Created` date DEFAULT NULL,
  `CreatedBy` bigint(20) DEFAULT NULL,
  `Modified` date DEFAULT NULL,
  `ModifiedBy` bigint(20) DEFAULT NULL,
  `RealName` varchar(255) DEFAULT NULL,
  `Value` varchar(255) DEFAULT NULL,
  PRIMARY KEY (`AppFileID`)
) ENGINE=InnoDB AUTO_INCREMENT=34 DEFAULT CHARSET=utf8;

/*Data for the table `app_file` */

insert  into `app_file`(`AppFileID`,`AppName`,`Created`,`CreatedBy`,`Modified`,`ModifiedBy`,`RealName`,`Value`) values (1,'en_2.png','2014-03-28',3033,NULL,NULL,'/home/khangpn/Data/ViettelOne/_svn/viettel-one-webui/target/viettel-one-webui-0.0.1-SNAPSHOT/uploads/en_2.png',NULL),(2,'đính ước-như quỳnh,trường vũ[DQ1] - YouTube.MP4','2014-03-28',3016,NULL,NULL,'/home/khangpn/Data/ViettelOne/_svn/viettel-one-webui/target/viettel-one-webui-0.0.1-SNAPSHOT/uploads/đính ước-như quỳnh,trường vũ[DQ1] - YouTube.MP4',NULL),(3,'e_3.png','2014-03-28',3033,NULL,NULL,'/home/khangpn/Data/ViettelOne/_svn/viettel-one-webui/target/viettel-one-webui-0.0.1-SNAPSHOT/uploads/e_3.png',NULL),(4,'e_3.png','2014-03-28',3033,NULL,NULL,'/home/khangpn/Data/ViettelOne/_svn/viettel-one-webui/target/viettel-one-webui-0.0.1-SNAPSHOT/uploads/e_3.png',NULL),(5,'en_2.png','2014-03-28',3033,NULL,NULL,'/home/khangpn/Data/ViettelOne/_svn/viettel-one-webui/target/viettel-one-webui-0.0.1-SNAPSHOT/uploads/2fd17d4f-c965-48ea-8f62-49a039029f22png',NULL),(6,'e_3.png','2014-03-28',3033,NULL,NULL,'/home/khangpn/Data/ViettelOne/_svn/viettel-one-webui/target/viettel-one-webui-0.0.1-SNAPSHOT/uploads/23618a66-5126-40a0-82d4-e02afe270672.png',NULL),(7,'en_2.png','2014-03-28',3033,NULL,NULL,'/home/khangpn/Data/ViettelOne/_svn/viettel-one-webui/target/viettel-one-webui-0.0.1-SNAPSHOT/uploads/10292869-f795-4e89-b071-74b1a719b72d.png',NULL),(8,'en_2.png','2014-03-28',3033,NULL,NULL,'/home/khangpn/Data/ViettelOne/_svn/viettel-one-webui/target/viettel-one-webui-0.0.1-SNAPSHOT/uploads/61901890-79e6-48fb-bfcd-c3d4cce2c925.png',NULL),(9,'en_2.png','2014-03-28',3033,NULL,NULL,'/home/khangpn/Data/ViettelOne/_svn/viettel-one-webui/target/viettel-one-webui-0.0.1-SNAPSHOT/uploads/e427739c-d2b0-4191-9dcd-b901e85fcb72.png',NULL),(10,'en_2.png','2014-03-28',3033,NULL,NULL,'/home/khangpn/Data/ViettelOne/_svn/viettel-one-webui/target/viettel-one-webui-0.0.1-SNAPSHOT/uploads/f6677bf3-a5d5-4386-8994-46e7c6f53771.png',NULL),(11,'e_3.png','2014-03-28',3033,NULL,NULL,'/home/khangpn/Data/ViettelOne/_svn/viettel-one-webui/target/viettel-one-webui-0.0.1-SNAPSHOT/uploads/da656388-d5e1-41ac-9c70-f9817f570173.png',NULL),(12,'e_3.png','2014-03-28',3033,NULL,NULL,'/home/khangpn/Data/ViettelOne/_svn/viettel-one-webui/target/viettel-one-webui-0.0.1-SNAPSHOT/uploads/8390a422-691f-4e1f-aa71-c840cc074f00.png',NULL),(13,'en_2.png','2014-03-28',3033,NULL,NULL,'/home/khangpn/Data/ViettelOne/_svn/viettel-one-webui/target/viettel-one-webui-0.0.1-SNAPSHOT/uploads/4ce368d3-bc3a-4615-8375-ab3bc563dbaf.png',NULL),(14,'en_2.png','2014-03-28',3033,NULL,NULL,'/home/khangpn/Data/ViettelOne/_svn/viettel-one-webui/target/viettel-one-webui-0.0.1-SNAPSHOT/uploads/d573de1e-efd3-436e-ad83-ab545be65c1e.png',NULL),(15,'e_3.png','2014-03-28',3033,NULL,NULL,'/home/khangpn/Data/ViettelOne/_svn/viettel-one-webui/target/viettel-one-webui-0.0.1-SNAPSHOT/uploads/a8e1bf61-2646-464f-b8ca-18b96387577e.png',NULL),(16,'e_1.png','2014-03-28',3033,NULL,NULL,'/home/khangpn/Data/ViettelOne/_svn/viettel-one-webui/target/viettel-one-webui-0.0.1-SNAPSHOT/uploads/365107cf-2d8d-422b-b52c-b4c18f895966.png',NULL),(17,'e_2.png','2014-03-28',3033,NULL,NULL,'/home/khangpn/Data/ViettelOne/_svn/viettel-one-webui/target/viettel-one-webui-0.0.1-SNAPSHOT/uploads/d630ebe4-7b4d-4722-a169-98ba07fe12bf.png',NULL),(18,'e_3.png','2014-03-28',3033,NULL,NULL,'/home/khangpn/Data/ViettelOne/_svn/viettel-one-webui/target/viettel-one-webui-0.0.1-SNAPSHOT/uploads/1a2f57fd-88ed-4ae3-94a4-4812e2592bb2.png',NULL),(19,'e_2.png','2014-03-28',3033,NULL,NULL,'/home/khangpn/Data/ViettelOne/_svn/viettel-one-webui/target/viettel-one-webui-0.0.1-SNAPSHOT/uploads/f7c2027f-f5ee-4b07-bb66-6bafd3c282be.png',NULL),(20,'e_3.png','2014-03-28',3033,NULL,NULL,'/home/khangpn/Data/ViettelOne/_svn/viettel-one-webui/target/viettel-one-webui-0.0.1-SNAPSHOT/uploads/3bfb6364-6f53-4902-8a14-a3fd6147efbf.png',NULL),(21,'e_3.png','2014-03-28',3033,NULL,NULL,'/home/khangpn/Data/ViettelOne/_svn/viettel-one-webui/target/viettel-one-webui-0.0.1-SNAPSHOT/uploads/2ffb8e86-db86-4309-ba47-24b40a08ada7.png',NULL),(22,'en_2.png','2014-03-28',3033,NULL,NULL,'/home/khangpn/Data/ViettelOne/_svn/viettel-one-webui/target/viettel-one-webui-0.0.1-SNAPSHOT/uploads/fc3271b2-1db0-4990-80bf-15b3acfd5eee.png',NULL),(23,'e_3.png','2014-03-28',3033,NULL,NULL,'/home/khangpn/Data/ViettelOne/_svn/viettel-one-webui/target/viettel-one-webui-0.0.1-SNAPSHOT/uploads/e5de3115-bded-4de2-8a49-d4a22524f0ee.png',NULL),(24,'e_3.png','2014-03-28',3033,NULL,NULL,'/home/khangpn/Data/ViettelOne/_svn/viettel-one-webui/target/viettel-one-webui-0.0.1-SNAPSHOT/uploads/29c36de1-2c73-4849-adb1-baac6526a2d5.png',NULL),(25,'e_3.png','2014-03-28',3033,NULL,NULL,'/home/khangpn/Data/ViettelOne/_svn/viettel-one-webui/target/viettel-one-webui-0.0.1-SNAPSHOT/uploads/42cf16ed-35f9-4782-8268-d9dbf5b3fe21.png',NULL),(26,'en_2.png','2014-03-31',3033,NULL,NULL,'/home/khangpn/Data/ViettelOne/_svn/viettel-one-webui/target/viettel-one-webui-0.0.1-SNAPSHOT/uploads/e866f086-2cef-40b6-8f82-789ed5aaa14c.png',NULL),(27,'e_1.png','2014-03-31',3033,NULL,NULL,'/home/khangpn/Data/ViettelOne/_svn/viettel-one-webui/target/viettel-one-webui-0.0.1-SNAPSHOT/uploads/603d9cb0-9f6c-4508-a768-bf1c5f6e3e48.png',NULL),(28,'MyCompare.java','2014-04-02',3033,NULL,NULL,'/home/khangpn/Data/ViettelOne/_svn/viettel-one-webui/target/viettel-one-webui-0.0.1-SNAPSHOT/uploads/5235223c-d5e3-442d-ba61-63c79bc11199.java',NULL),(29,'e_2.png','2014-04-03',3033,NULL,NULL,'/home/khangpn/Data/ViettelOne/_svn/viettel-one-webui/target/viettel-one-webui-0.0.1-SNAPSHOT/uploads/bc6d5811-9846-489c-bd86-f6e1b10b3f7a.png',NULL),(30,'default.jpeg','2014-04-03',3033,NULL,NULL,'/home/khangpn/Data/ViettelOne/_svn/viettel-one-webui/target/viettel-one-webui-0.0.1-SNAPSHOT/uploads/53923696-aad9-4c88-8181-e7845bcf0891.jpeg',NULL),(31,'default.jpeg','2014-04-03',3033,NULL,NULL,'/home/khangpn/Data/ViettelOne/_svn/viettel-one-webui/target/viettel-one-webui-0.0.1-SNAPSHOT/uploads/8fe46fe5-d5a7-48e3-851d-fa2d464e1ff8.jpeg',NULL),(32,'default.jpeg','2014-04-03',3033,NULL,NULL,'/home/khangpn/Data/ViettelOne/_svn/viettel-one-webui/target/viettel-one-webui-0.0.1-SNAPSHOT/uploads/ffaeb9fd-abb7-4dcd-89ef-8213f5fd6d5c.jpeg',NULL),(33,'default.jpeg','2014-04-03',3026,NULL,NULL,'/home/khangpn/Data/ViettelOne/_svn/viettel-one-webui/target/viettel-one-webui-0.0.1-SNAPSHOT/uploads/c5ad7812-de19-49c9-9f13-47f499af7d89.jpeg',NULL);

/*Table structure for table `application` */

DROP TABLE IF EXISTS `application`;

CREATE TABLE `application` (
  `ApplicationID` bigint(20) NOT NULL AUTO_INCREMENT,
  `Name` varchar(1000) NOT NULL,
  `Code` varchar(20) NOT NULL,
  `ViewAddress` varchar(255) NOT NULL,
  `ServiceAddress` varchar(255) NOT NULL,
  `ImageLink` varchar(2000) DEFAULT NULL,
  PRIMARY KEY (`ApplicationID`)
) ENGINE=InnoDB AUTO_INCREMENT=6 DEFAULT CHARSET=utf8;

/*Data for the table `application` */

insert  into `application`(`ApplicationID`,`Name`,`Code`,`ViewAddress`,`ServiceAddress`,`ImageLink`) values (1,'Portal','POT','192.168.140.46','192.168.140.46','https://cdn1.iconfinder.com/data/icons/windows-8-metro-style/26/voip_gateway.png'),(2,'Human Resources','HRM','192.168.140.46','192.168.140.46','https://cdn2.iconfinder.com/data/icons/flat-ui-icons-24-px/24/man-24-24.png'),(3,'Customer Relationship Management','CRM','192.168.140.140','192.168.140.140','https://cdn0.iconfinder.com/data/icons/iphone-black-people-svg-icons/30/clients_client_user_male_earth_man_list_customer_windows-24.png'),(4,'Business Process Management','BMP','192.168.140.24','192.168.140.24','https://cdn2.iconfinder.com/data/icons/couds/512/cloud_reload_1-24.png'),(5,'Accounting And Inventory','ACC','192.168.140.147','192.168.140.147','https://cdn4.iconfinder.com/data/icons/aiga-symbol-signs/612/aiga_cashier_bg-24.png');

/*Table structure for table `customer` */

DROP TABLE IF EXISTS `customer`;

CREATE TABLE `customer` (
  `CustomerID` bigint(20) NOT NULL AUTO_INCREMENT,
  `Address` varchar(255) DEFAULT NULL,
  `BankAccount` varchar(255) DEFAULT NULL,
  `Code` varchar(255) DEFAULT NULL,
  `created` date DEFAULT NULL,
  `createdBy` bigint(20) DEFAULT NULL,
  `Email` varchar(255) DEFAULT NULL,
  `modified` date DEFAULT NULL,
  `modifiedBy` bigint(20) DEFAULT NULL,
  `Name` varchar(255) DEFAULT NULL,
  `PhoneNumber` varchar(255) DEFAULT NULL,
  `TaxNo` varchar(255) DEFAULT NULL,
  `Type` varchar(255) DEFAULT NULL,
  `value` varchar(255) DEFAULT NULL,
  PRIMARY KEY (`CustomerID`)
) ENGINE=InnoDB AUTO_INCREMENT=5 DEFAULT CHARSET=utf8;

/*Data for the table `customer` */

insert  into `customer`(`CustomerID`,`Address`,`BankAccount`,`Code`,`created`,`createdBy`,`Email`,`modified`,`modifiedBy`,`Name`,`PhoneNumber`,`TaxNo`,`Type`,`value`) values (1,'Hà Nội','2154545','CUA',NULL,NULL,'a@jkdhfjdhf.com',NULL,NULL,'Ông A',NULL,NULL,NULL,NULL),(2,'ABC','5467567','CUB',NULL,NULL,'b@fkgjfkg.com',NULL,NULL,'Anh B',NULL,NULL,NULL,NULL),(3,'','','',NULL,NULL,'',NULL,NULL,'Nhà Phân phối bán lẻ điện thoại IPHONE 10',NULL,NULL,NULL,NULL),(4,'','','',NULL,NULL,'',NULL,NULL,'Bán Điện THoại',NULL,NULL,NULL,NULL);

/*Table structure for table `department` */

DROP TABLE IF EXISTS `department`;

CREATE TABLE `department` (
  `DepartmentID` bigint(20) NOT NULL AUTO_INCREMENT,
  `ActiveDate` date NOT NULL,
  `Code` varchar(255) DEFAULT NULL,
  `ExpiredDate` date DEFAULT NULL,
  `Image` varchar(255) DEFAULT NULL,
  `Name` varchar(255) NOT NULL,
  `EnterpriseID` bigint(20) DEFAULT NULL,
  `Parent_ID` bigint(20) DEFAULT NULL,
  PRIMARY KEY (`DepartmentID`),
  KEY `FK_4732b0f318bc40628f47eb2ce61` (`EnterpriseID`),
  KEY `FK_2d9206cfc6ca45f6b2068c0b8cd` (`Parent_ID`),
  CONSTRAINT `FK_2d9206cfc6ca45f6b2068c0b8cd` FOREIGN KEY (`Parent_ID`) REFERENCES `department` (`DepartmentID`),
  CONSTRAINT `FK_4732b0f318bc40628f47eb2ce61` FOREIGN KEY (`EnterpriseID`) REFERENCES `enterprise` (`EnterpriseID`)
) ENGINE=InnoDB DEFAULT CHARSET=utf8;

/*Data for the table `department` */

/*Table structure for table `department_position` */

DROP TABLE IF EXISTS `department_position`;

CREATE TABLE `department_position` (
  `DepartmentID` bigint(20) NOT NULL,
  `PositionID` bigint(20) NOT NULL,
  PRIMARY KEY (`DepartmentID`,`PositionID`),
  KEY `FK_e0b449a5f2a54d81914235aa07c` (`PositionID`),
  KEY `FK_0825892a1d2e4e82b81173567be` (`DepartmentID`),
  CONSTRAINT `FK_0825892a1d2e4e82b81173567be` FOREIGN KEY (`DepartmentID`) REFERENCES `department` (`DepartmentID`),
  CONSTRAINT `FK_e0b449a5f2a54d81914235aa07c` FOREIGN KEY (`PositionID`) REFERENCES `position` (`PositionID`)
) ENGINE=InnoDB DEFAULT CHARSET=utf8;

/*Data for the table `department_position` */

/*Table structure for table `departmentposition` */

DROP TABLE IF EXISTS `departmentposition`;

CREATE TABLE `departmentposition` (
  `DepartmentPositionID` bigint(20) NOT NULL AUTO_INCREMENT,
  `DepartmentID` bigint(20) DEFAULT NULL,
  `PositionID` bigint(20) DEFAULT NULL,
  PRIMARY KEY (`DepartmentPositionID`),
  KEY `FK_21b79627083c4a49aac8bf0b786` (`DepartmentID`),
  KEY `FK_de4adff0160340acb63424a6d31` (`PositionID`),
  CONSTRAINT `FK_de4adff0160340acb63424a6d31` FOREIGN KEY (`PositionID`) REFERENCES `position` (`PositionID`),
  CONSTRAINT `FK_21b79627083c4a49aac8bf0b786` FOREIGN KEY (`DepartmentID`) REFERENCES `department` (`DepartmentID`)
) ENGINE=InnoDB DEFAULT CHARSET=utf8;

/*Data for the table `departmentposition` */

/*Table structure for table `employee` */

DROP TABLE IF EXISTS `employee`;

CREATE TABLE `employee` (
  `EmployeeID` bigint(20) NOT NULL AUTO_INCREMENT,
  `Address` varchar(255) DEFAULT NULL,
  `Birth` date DEFAULT NULL,
  `Code` varchar(255) DEFAULT NULL,
  `created` date DEFAULT NULL,
  `createdBy` bigint(20) DEFAULT NULL,
  `modified` date DEFAULT NULL,
  `modifiedBy` bigint(20) DEFAULT NULL,
  `Name` varchar(255) DEFAULT NULL,
  `value` varchar(255) DEFAULT NULL,
  PRIMARY KEY (`EmployeeID`)
) ENGINE=InnoDB DEFAULT CHARSET=utf8;

/*Data for the table `employee` */

/*Table structure for table `employee_departmentposition` */

DROP TABLE IF EXISTS `employee_departmentposition`;

CREATE TABLE `employee_departmentposition` (
  `EmployeeID` bigint(20) NOT NULL,
  `DepartmentPositionID` bigint(20) NOT NULL,
  PRIMARY KEY (`EmployeeID`,`DepartmentPositionID`),
  KEY `FK_2d437efca5ad45d8b00127ab603` (`DepartmentPositionID`),
  KEY `FK_4c5073d2bec844ea89b15be6761` (`EmployeeID`),
  CONSTRAINT `FK_4c5073d2bec844ea89b15be6761` FOREIGN KEY (`EmployeeID`) REFERENCES `employee` (`EmployeeID`),
  CONSTRAINT `FK_2d437efca5ad45d8b00127ab603` FOREIGN KEY (`DepartmentPositionID`) REFERENCES `departmentposition` (`DepartmentPositionID`)
) ENGINE=InnoDB DEFAULT CHARSET=utf8;

/*Data for the table `employee_departmentposition` */

/*Table structure for table `enterprise` */

DROP TABLE IF EXISTS `enterprise`;

CREATE TABLE `enterprise` (
  `EnterpriseID` bigint(20) NOT NULL AUTO_INCREMENT,
  `ActiveDate` date NOT NULL,
  `Code` varchar(255) NOT NULL,
  `Content` longblob,
  `ExpireDate` date DEFAULT NULL,
  `Image` varchar(255) DEFAULT NULL,
  `Name` varchar(255) NOT NULL,
  `Slogan` varchar(255) DEFAULT NULL,
  `ParentID` bigint(20) DEFAULT NULL,
  PRIMARY KEY (`EnterpriseID`),
  KEY `FK_ee3c2101c64942a596d2409e6aa` (`ParentID`),
  CONSTRAINT `FK_ee3c2101c64942a596d2409e6aa` FOREIGN KEY (`ParentID`) REFERENCES `enterprise` (`EnterpriseID`)
) ENGINE=InnoDB AUTO_INCREMENT=3 DEFAULT CHARSET=utf8;

/*Data for the table `enterprise` */

insert  into `enterprise`(`EnterpriseID`,`ActiveDate`,`Code`,`Content`,`ExpireDate`,`Image`,`Name`,`Slogan`,`ParentID`) values (1,'2014-04-03','dfgdfg','\0sr\0\"javax.sql.rowset.serial.SerialBlobkQ\0J\0lenJ\0origLenL\0blobt\0Ljava/sql/Blob;[\0buft\0[Bxp\0\0\0\0\0\0\0\0\0\0\0\0pur\0[BT\0\0xp\0\0\0JFIF\0\0\0\0\0\0\0\0	\Z((!\Z%!2!%)1...383,7(-/+\n\n\n\r2% %5,,2742,-,/,,,,,,,,0/,,,,,,,,,,,,,,,,,,,,,,,,,,,,,\0\0\0\0\0\0\0\0\0\0\0\0\0\0\0\0\0\0G\0	\0\0\0\0Q!1q2Aa\"R3BTbr#CSU4s$c\0\Z\0\0\0\0\0\0\0\0\0\0\0\0\04\0\0\0\0\0!1Q2ARaBq\"Sb3C\0\0\0?\0k,7 \0w `!܁d;0r@2C\0w `!܁d;0r@2C\0w `!܁d;0r@2C\0w `!܁d;0r@2%L\'s>(*rA	H$Ow3€|$          \0.Mh#]7Tq4=̹Svc=XiЉU.4u <1yMʬc\\~\0F|T[Wͬ*o\'\0UCi|\0#ʬUo?;Z}7?*޵\'t;<\0TONQ,=)I:O9=oN+Ǳu/fx(LLuhnu$Ow3€|$        ޼QR>~k#ⵙ3k36W%;w|eKzҕ$yāɼ[5zӻQIPo- G\rB3:B֘eK⫝̸Uzvz|]9˪m}G)<yz\ngf8$kۛMr=S11S%owl&       ?Iϊ\nd]q\\vDӼehe1͙5\ZxyO9|X5®74xۻj*gghsAl6\'ɞ[Fme1^n:Ld}sV)Z%su%{loW\0\04\0	\0ߗJOѫmƝ?>Kre=#ފ&%,~8iN#2)qܥOw*ΣW|o׷	h#9Ujۃ\\r}4>75sM,=j-؎$Ow3€|$    \r\0Ēϙk2QPوkY8l~GΜI$I\'y$$g~/jV8wkfx<Ac(ۿ7osl֗?&`9\0n+j!cpwVd$nj&	e;nx+8޳$ir`/	\0CT09H^,hipUvxcRQZ    ?Iϊ\nd\Z	q\0rN\0IG&vka%4<uXyWIOq      .:^y?l㽐e=3{*t~ǖ?o\0\0\0PjVP2BtdgBFsov>Zw=ֳ8ۃG(耀D\'s>(*rAUM3%adk9dGZD7zA)qOv^{IoacyAH=$㷉ݰ<נq}k}Rv8wl>|5>ov;v>GTݷN;x#zA\'Nݏ8ure,!7iG\r]>(TQ\\                 ?Iϊ\ndXn0xk\\po.?ʄyla摸W>֧\rw,pvaSjgizxsW-8ֽeG6d`غI=MRm*:դ}*y\0O(h)())\\;wFv[]^\ZoK%\'b2Xq6\0zWfgyO\Zɚ]t96o\'GY)ѱ瞒/ξ}7xH\0J\0BvuS0^k\ZN;p.*Fu٢7S>i4${6Dle6v\Zuűe3\rîi;{*rb4ܱ^Hs\0q>P5N4OƚLdqq:6{ejnUӱnq4bq,\0`}sU}4̔]&{\Z8dr1VzYڴUo?KU~-\0?R\\F9p\\H#1N:_]fkF^\0JvtY\0/n颒9gַn\\8meR-jf}Y@|Ks_4x d|<1i#Mv*D\'s>(*rA&|h?\0vJY6/7]#h\'8atGEf8r<)3EoϤzNm%W4(-NdֱJ-9t\Z׫,ѱ^g+\0%߲>\'(RWjic<w;?&\0S[1\0YS\n8,,X(dFg|+\0UOۯ\"1Y4ŝG[M⪾1v+}׊K`mDJ\0/B!Yl<`/d=FFU7,\r\r\0\rcaȈm]ya=d4|ި;9`tR\0AcJf t#|;L\r>jL\\8{]\0jO\0jwSGCg1bkb}͊fzBԜtmoS룧YN56+2Df!IV;QwCk<o{f~\0M-a*j1^xkhUQ\\   ?Iϊ\nd\Z\nNGysKI\"紩KGIfɤÒwݢun⧁w[9đ\\nbbCoIjcFǨf	LxfPS<>\Z88<\nSUca;ּ-O,\0\'9d4~Ԍ$ɣÒV6\0F ?Rm9?g3I~m\rÅ4aFw8mwj6xjFJ+k;G)ۉ-s$	S}\rP0G\Z7Z,;}33=Z)J6m\rĐPd\0^x9.HSQ,4rOGFhi6Y̞$J3i8ڱ6\\M?Pta$a${\0;+;[΃O3y\'N.~|y\'N\'wOA~~|y\'N\'wOA~~|忢5Z5\"<x6.[%n-.,S#ʃ@D\'s>(*rA1J{q\"3]p@@@@@@@@@Ai/\"Ϯ-,\Z(|~wVzQ߳x/x;=v\07xwVz;o#<w>GsyYټ|o	߳xugf;/]\'~w<^U欙J\0=\0Y\Z[fq_S\\T\Zu_[D\';AV>jVҗzQpG&GUw::Z#󏾍*}8PsIaUWS<#|3T+K8~0S޼_{!NN\\?U\'N$7h#zp漌>L\ZjQVa:Mmz/}oY>__j\0->GnD\';AV>jC0J՛Nm=EWrWО<;\\Uui$C葋f]/:س7&O6tZ8O7~jT\'/gOTo.[Zkok=cߋIӻ4gZ>jK*cx>]zRsp`ZzCJ}bg~۪_\0e\0?z3侺ϭ; i\rls\\#nL,y5oӗՏGy9ěrxedݩލѳT;,\'3Vc|ak7S䞱Ϻ?z}qrꭓr@@@@A\"~c9 m-T%~wfcϤb.4Trnm{Xw]ytY)Ӝ=zv 8,G0VIijߜ1\\,\r\'G}#d^Lԧ.EKcRgm}~;u<: dm\rcCZ8\0,obCm;ؤD\'s>(*rA\rjf69!BZ7N-OVvAԚw|۟eՙ6k4zHo;7OvYb|+ɵnaq7TN4~Uѩ?&(eU8k?)Y)=&>oIË\\=G|6n&2WtcyWb?$fڋA;垕\'>8ho}cMc>\0mյ枱uV⎜թ5\Zb{|Mz:?5L\\{b1}صHf%ʰZ$Ow3€|$                               ?Iϊ\nd	k\Z\\\Zւ\\l\ZIɘPiuGK(N8[vYY8൸bˡU&ia_8\rQYUVYm\n茻!#L`6O\\;l.$                 ?Iϊ\ndnhߕRv#w;C7oRgu9Uu\Z%E]I;)x$Nkc@=YytZL{%ZUPYͱ6|g7u[Wh96oUDh*	bD=sv\0w]pDXj2Wi\0?\\zʊjj_#.~#\'\Z7u(dD{Zt[[$/cnG4{#d\r6\r\')5S͎<ELtC0	ߝbE6\r\nLvqɗ;wGkt_HHэw__eM&8-Mo8vϤC4c펩@g{&.+f]^}u78Iz߱DKy[Xvˋnb;oKphsk[#}Sk6R%Beaћ7#qw)F:ɪ8:x%i#3tM7`6?w*Xl˒ѩbyL}ZOWVK5T8%p}79Hߢ3]!^rd&y*UE1E 1X9(㈝Wk/||9\"yDrzW#fc\ZhDxnsë-XoWR61:JX@DH&I M75[͸\"ޱoR?Zj:F]sq.pNEXoY]UqgK}#5m}L͑%Q>]nJ+XkV%f9CU7$Ow3€|$      Ҕ-<6F%r+;Nd^Yz\'t,҈,c0pÇfଜ0OG㭢ffv{5\Z3<X\Z\\cH;G$߫KZ訩\"|xbcˋ[6z<Î7\0ChR,@g{I$UVvX\"ji]_	SL\rnpOWRo1d%y5t5[*\ZZ^\Zl$c$xP7zB9Š*w!@.; \\{v[CӊIj<H/67\0ߎu߇1\'CKZm1]re!+CX8c$&۸psS8/g}4SHxnhrEJ/t,{bsݴ~2]n6uݹru]O\\11eD/N-9أ%\"ϵN]N4v69awyP)goWnإ|̞xҶ7a[~oRʯ7߮9KKIKnq[v[~)U<qGK#Es{rW{qN:|QQUExD\'s>(*rA	H$Ow3€|$                               ?Iϊ\rL\rH<흚٠m٠m٠m٠m٠m٠m٠m٠m٠m٠m٠m٠m٠m٠m٠m	<',NULL,'dfgdfg','egfffsgdfg','',NULL),(2,'2014-04-03','VT','\0sr\0\"javax.sql.rowset.serial.SerialBlobkQ\0J\0lenJ\0origLenL\0blobt\0Ljava/sql/Blob;[\0buft\0[Bxp\0\0\0\0\0\0S\0\0\0\0\0\0Spur\0[BT\0\0xp\0\0S\0JFIF\0\0\0\0\0\0\0\0	 \Z \Z( \"&%!1!1)+...+4:3-7(0.+\n\n\n+++++++++++++++++++++++++++++++++++++++++++++++++++\0\0\0\"\0\0\0\0\0\0\0\0\0\0\0\0\0\0\0L\0	\0\0\0\0\0!1A\"Qa#2q3BRr$4Sbs7Cc%58t\0\0\0\0\0\0\0\0\0\0\0\0\0\0\0\0\0\0\0\0\0\0\0\0\0\0\0\0\0\0\0\0\0\0\0\0\0?\0(M+`gH\0O$ULE%ݦ?h\'͒T?o&Kݏr	uT |VG~YΪ7-ږ9>= k<6*MLa<Zw2|JH=+\"/<^?u9VVC5?\0I)c#R4 8LuD hɗ\'Z\"Fpp(UxL56組ǑA5_fr&#l؃ػ퓚#h͆pO d])\rhMRI<EO.%qG@i3$<-Wg:sn<HtLMi7K:LִX5\0pd@DDD@DDD@DDWATpFs`E>ƍc<m\\QbbiUM1Mkw\'OE`ll%Sn9H Nktp 3m[g<GFϠ xH;\'\r6nO3ispkZ	s\0I\0^4cʜ7vI^v~ӆnAav3(NV{c>wj;DD@DDD@DDD@DDD@DDpt `NϺ7<?o}ᙶvUm_~|yjMn{tD@DDEPѺInCG!̞AI$\0:([R)ini\rc$F9m`0\0\0K\0&YyeF5N@DDD@DDD@DDD@DDD@DDDAԮ]\r#PA\059(MSihygiI\0Ӑs\\u`\Z|4E|^;@Ȱ{G2YmD^X#apG\";􀈈\niH@wY#!Y[whPqe:Xw1OPY\"\" \",\rd/!7A\ZR\Z?z̀0վ*yct;\Z24H*o&ΏOQ݇5XjŪ}Wp%!O	F\0r@DDCpy+͞G;eYa;ѭ[8=w\" \"\"ǵͅo>I;^%Ӌl1mT_]D7ǌ5E	%3|:Ȏ~mU6aBlaZwh\0 ~iډpi0|NY=à7HWC^GZEpWZI{_߀orYO;\'|ᙘ_V8yW$p7h&<7&P]w޺qF_⃛lo7BL!iG!ӑQ|>\nyK>xcdfwZp-${\0j˸vjg\r#P$6A8qK[\\ٲ嶹-b6֛m(&{HEwG[upqc4,;eus1Cqk&<\Z\n\r-VŎB˃㮖6nfxpK΁͚cb_?{zI)(cls2=G.p.SR~U)\0ۣK=}@}tgcM[06#imlB6V+C\0\0yߡZN	\r8de49׷ߨxhnO¥|_W\08d~жk\Z|(ݛoijYYJ)\\Ǵ9\"\n.۷4rDMߟsNP6رi0rql94y GiEu8m1qkxªnsAs{n|ǒ0?Fg7;j>ky DDvbya]VJ9:z=DU\" \"\"pMfU8rΨ,۹\"\rocb,ynBX/v+mت}[\'ar2ٚMk6lۤ^:~zEne\'+lnnK\" Ӷg`cgKs%Ѝt\"&36FZy]!pslK~5K){[~YVT\Z+6_\Zg<Ի3s^6ww`mAҊsFP>qDs1RI$qU\nY\rNe=3lꃧ5{OQM[!I%2Y6ó̽R.:jڈUR8\0#X	a;=<f#,\r0-!{\Z{ڷc~Gnop28c#Pw{LdڜͻG-	[,wsH\ZvH#٢cp\\RI1ǯ\\0/ȡslk3<۸dR%jIC3gmpppA2\"\"\" *Sh\'hcdWzA\0DDfW[_VJq/YZ@DDD@Z77#Rk$v_X/{r\Zv\rU>atNY*rАr5$ e$:ghֽuV5\\\rN6TjCĿ+5ÀpE7IVXF9F{CFP`xkwS 28%plwۊCp\"9_##@:ih$o?k\rPfdh=Z{~K\rspY=(k!o|#7%^%XMIEJC\0}[6 6_cÿ?]WiveiggQg8sX	5\0l3	t̔[NJݷa5-+k	\raAi`ے0vgmhG7lhakWHj.5Z\r-+w,&<%i_Poy祖ESCJcC<]?cR.r.F<So*U%\rGlA,aօsmb5bYпlWTN3%]F	$j(}MH#},i>s.w\r]F!kC\\X	颃K=4f {iY3e(mLN9^^\Zuq77㻷	FZ8_/Ѓ>_M\0BHb\'fHZz_;s}\0UyيnԤGxc$yO\nັ0k/ܖ+np{aA_JCvF6J-g뻰ZhM\\Z\Z҈\nm|^	V*hHa\" 𶉖\ZI>,{GYUߢc?uY\"\"\" .MK:~3.H\0A-UQ\r~Ufl%=k\\]ʫk7Lqdr=:huݒ[MZJhU>Ǎ׉#u-q#CtlSu=9Q@nes`	WcDxk8L58ͺz3YvwÈK`ۡ6p:Awk~9vj+[<[\\fXt\r\r-)6X7&*ea;;0M.mQ?ٍX0fdɤyu\rD`ؐc^\\le9sh\0ȃlf6:Yqkј@aRPn~B>(\"vөѻ)sNBmcvnȈ4Mv{ajd9\ZHm\\mNǱNa3&%a5D\rgg>ⱶZ.m̓s\'Gs~0IK85k䵳\0uRny+j^\\P֟lL V<EtFYd}sOGH+yH,Q\nQ]C$Rkman\Z`A%y)<mVagm#{7̒\" \"\"\" \"\"\" \"\"\" \"\"\" \"\"\" \"\"\nmIMǾU~9O7qh=^\" (8+iA2$v#)66is	TAA#YMj5ݧs&=;˶3 V\n-Xh=\0Gz򽵰sFjÏΕ):lfk4~H(hdWnq7sĸ!\ZfS::vX#Pz5\nTLi`\\@V^Ŵ$\0DhElB+sF͎$:^gqLYͧt:9VV:Yi]yegMbε&m\\DG8]0/kFVٺ4:q`/ܒM˜NI$I%g@DDD@DDDAi$o}=ZnUpC~(\'2s6qX+)]NYTwn#PA\0\rA\ZΊ6/+s\0״ћw+*ZUJE㻧2\"\" \"\"\" \"\"\" \"]_`:6h.qִ8\0\'E.+]aޑ\0s}A-$\\zb\rKdеO|##R6RI$N\'RORVH!m<!45\05\0\0\04\0w/h\nN\'2S9Hy;vH-~ 9\nD?1q\Z?I/4}e|uvSg\0uig7ORTJ6*U\\׎|A-`d@\0Ѳ#|˭)\0,^3\04UΤ\\PX8?GO9x&H${$y EYz*xhC.gp= [EBȸcAsll(jߠ`jK:CՍ\\j	q#:(XEm`&+@6|TRH^.y&땠6DD@DDD@DDD@DDD@DDD@DDD@DDD@DDD@DDD@DDDA',NULL,NULL,'Viettel','',1);

/*Table structure for table `inout` */

DROP TABLE IF EXISTS `inout`;

CREATE TABLE `inout` (
  `InOutID` bigint(20) NOT NULL AUTO_INCREMENT,
  `Code` varchar(255) DEFAULT NULL,
  `created` date DEFAULT NULL,
  `createdBy` bigint(20) DEFAULT NULL,
  `DateExecute` datetime DEFAULT NULL,
  `modified` date DEFAULT NULL,
  `modifiedBy` bigint(20) DEFAULT NULL,
  `OnlinePayment` tinyint(1) DEFAULT NULL,
  `Type` int(11) DEFAULT NULL,
  `value` varchar(255) DEFAULT NULL,
  `CustomerID` bigint(20) DEFAULT NULL,
  `EmployeeID` bigint(20) DEFAULT NULL,
  `WarehouseID` bigint(20) NOT NULL,
  PRIMARY KEY (`InOutID`),
  KEY `FK_cf8d7d29d4dd438f949d5ec1690` (`CustomerID`),
  KEY `FK_6c25e504de8541adac371aced22` (`EmployeeID`),
  KEY `FK_d2f79c3c9c9b4324b1f793363d2` (`WarehouseID`),
  CONSTRAINT `FK_d2f79c3c9c9b4324b1f793363d2` FOREIGN KEY (`WarehouseID`) REFERENCES `warehouse` (`WarehouseID`),
  CONSTRAINT `FK_6c25e504de8541adac371aced22` FOREIGN KEY (`EmployeeID`) REFERENCES `employee` (`EmployeeID`),
  CONSTRAINT `FK_cf8d7d29d4dd438f949d5ec1690` FOREIGN KEY (`CustomerID`) REFERENCES `customer` (`CustomerID`)
) ENGINE=InnoDB DEFAULT CHARSET=utf8;

/*Data for the table `inout` */

/*Table structure for table `inoutline` */

DROP TABLE IF EXISTS `inoutline`;

CREATE TABLE `inoutline` (
  `InOutLineID` bigint(20) NOT NULL AUTO_INCREMENT,
  `created` date DEFAULT NULL,
  `createdBy` bigint(20) DEFAULT NULL,
  `Discount` decimal(19,2) DEFAULT NULL,
  `modified` date DEFAULT NULL,
  `modifiedBy` bigint(20) DEFAULT NULL,
  `Quantity` decimal(19,2) DEFAULT NULL,
  `RatioWithDefault` decimal(19,2) DEFAULT NULL,
  `UnitMoney` varchar(255) DEFAULT NULL,
  `UnitPrice` decimal(19,2) NOT NULL,
  `UnitProduct` varchar(255) DEFAULT NULL,
  `value` varchar(255) DEFAULT NULL,
  `InOutID` bigint(20) DEFAULT NULL,
  `ProductID` bigint(20) DEFAULT NULL,
  PRIMARY KEY (`InOutLineID`),
  KEY `FK_272797c566084a28a0bdc79bca8` (`InOutID`),
  KEY `FK_ab00bd3bb9d841428bf59ee0efb` (`ProductID`),
  CONSTRAINT `FK_ab00bd3bb9d841428bf59ee0efb` FOREIGN KEY (`ProductID`) REFERENCES `product` (`ProductID`),
  CONSTRAINT `FK_272797c566084a28a0bdc79bca8` FOREIGN KEY (`InOutID`) REFERENCES `inout` (`InOutID`)
) ENGINE=InnoDB DEFAULT CHARSET=utf8;

/*Data for the table `inoutline` */

/*Table structure for table `measure_unit` */

DROP TABLE IF EXISTS `measure_unit`;

CREATE TABLE `measure_unit` (
  `value` text NOT NULL,
  `name` text,
  `measureunit_ID` bigint(20) NOT NULL AUTO_INCREMENT,
  `description` longtext,
  PRIMARY KEY (`measureunit_ID`)
) ENGINE=InnoDB DEFAULT CHARSET=utf8;

/*Data for the table `measure_unit` */

/*Table structure for table `menu` */

DROP TABLE IF EXISTS `menu`;

CREATE TABLE `menu` (
  `MenuID` bigint(20) NOT NULL AUTO_INCREMENT,
  `Code` varchar(10) NOT NULL,
  `Description` longtext,
  `IsActive` tinyint(1) NOT NULL,
  `IsSummary` tinyint(1) NOT NULL,
  `Name` varchar(60) NOT NULL,
  `ViewClass` longtext,
  `ParentMenuId` bigint(20) DEFAULT NULL,
  PRIMARY KEY (`MenuID`),
  KEY `FK_3735c2544d664c59a7960e99f13` (`ParentMenuId`),
  CONSTRAINT `FK_3735c2544d664c59a7960e99f13` FOREIGN KEY (`ParentMenuId`) REFERENCES `menu` (`MenuID`)
) ENGINE=InnoDB DEFAULT CHARSET=utf8;

/*Data for the table `menu` */

/*Table structure for table `popup` */

DROP TABLE IF EXISTS `popup`;

CREATE TABLE `popup` (
  `PopupID` bigint(20) NOT NULL AUTO_INCREMENT,
  `Name` varchar(255) NOT NULL,
  `PopupClass` varchar(2000) NOT NULL,
  `Active` tinyint(1) NOT NULL DEFAULT '1',
  `Fragment` varchar(100) NOT NULL,
  PRIMARY KEY (`PopupID`)
) ENGINE=InnoDB AUTO_INCREMENT=27 DEFAULT CHARSET=utf8;

/*Data for the table `popup` */

insert  into `popup`(`PopupID`,`Name`,`PopupClass`,`Active`,`Fragment`) values (1,'new.user','com.viettel.webui.view.popup.NewUserPFS',1,'new'),(2,'detail.user','com.viettel.webui.view.popup.DetailUserPFS',1,'detail'),(3,'new.view','com.viettel.webui.view.PopupView',1,'detail'),(5,'new.enterprise','com.viettel.webui.view.PopupEnterprise',1,'detail'),(6,'new.viewgroup','com.viettel.webui.view.PopupGroupView',1,'detail'),(7,'detail.enterprise','com.viettel.webui.view.PopupEnterprise',1,'detail'),(8,'detail.department','com.viettel.webui.view.PopupDepartment',1,'detail'),(9,'detail.employee','com.viettel.webui.view.PopupEmployee',0,'detail'),(10,'new.inout','com.viettel.webui.view.PopupInOut',1,'detail'),(17,'new.customer','com.viettel.webui.view.PopupCustomer',1,'detail'),(18,'new.product','com.viettel.webui.view.PopupProduct',1,'detail'),(19,'new.warehouse','com.viettel.webui.view.PopupWarehouse',1,'detail'),(20,'app.detail','com.viettel.webui.view.popup.ApplicationDetailPopup',1,'detail'),(21,'detail.popup','com.viettel.webui.view.PopupChooser',1,'detail'),(22,'user.report','com.viettel.webui.report.view.UserReportView',1,'report'),(23,'detail.department','com.viettel.webui.view.PopupDepartment',0,'detail'),(24,'detail.employee','com.viettel.webui.view.PopupEmployee',1,'detail'),(25,'detail.employee','com.viettel.webui.view.PopupEmployee',1,'detail'),(26,'detail.department','com.viettel.webui.view.PopupDepartment',0,'detail');

/*Table structure for table `position` */

DROP TABLE IF EXISTS `position`;

CREATE TABLE `position` (
  `PositionID` bigint(20) NOT NULL AUTO_INCREMENT,
  `Code` varchar(255) NOT NULL,
  `Name` varchar(255) NOT NULL,
  `NumberLimit` bigint(20) DEFAULT NULL,
  PRIMARY KEY (`PositionID`)
) ENGINE=InnoDB DEFAULT CHARSET=utf8;

/*Data for the table `position` */

/*Table structure for table `product` */

DROP TABLE IF EXISTS `product`;

CREATE TABLE `product` (
  `ProductID` bigint(20) NOT NULL AUTO_INCREMENT,
  `Code` varchar(255) DEFAULT NULL,
  `created` date DEFAULT NULL,
  `createdBy` bigint(20) DEFAULT NULL,
  `DateExpire` date DEFAULT NULL,
  `DateOfManufacture` date DEFAULT NULL,
  `modified` date DEFAULT NULL,
  `modifiedBy` bigint(20) DEFAULT NULL,
  `Name` varchar(255) DEFAULT NULL,
  `value` varchar(255) DEFAULT NULL,
  `Vender` varchar(255) DEFAULT NULL,
  `DepartmentID` bigint(20) DEFAULT NULL,
  PRIMARY KEY (`ProductID`),
  KEY `FK_e64ea045d12a419c8a030727177` (`DepartmentID`),
  CONSTRAINT `FK_e64ea045d12a419c8a030727177` FOREIGN KEY (`DepartmentID`) REFERENCES `department` (`DepartmentID`)
) ENGINE=InnoDB DEFAULT CHARSET=utf8;

/*Data for the table `product` */

/*Table structure for table `report` */

DROP TABLE IF EXISTS `report`;

CREATE TABLE `report` (
  `report_id` bigint(20) NOT NULL AUTO_INCREMENT,
  `jasperfile` longtext NOT NULL,
  `name` longtext NOT NULL,
  `process` longtext NOT NULL,
  PRIMARY KEY (`report_id`)
) ENGINE=InnoDB AUTO_INCREMENT=21 DEFAULT CHARSET=utf8;

/*Data for the table `report` */

insert  into `report`(`report_id`,`jasperfile`,`name`,`process`) values (20,'user.jasper','TestReport','com.viettel.webui.report.process.UserReportProc');

/*Table structure for table `reportparameter` */

DROP TABLE IF EXISTS `reportparameter`;

CREATE TABLE `reportparameter` (
  `reportparameter_id` bigint(20) NOT NULL AUTO_INCREMENT,
  `ishidden` tinyint(1) NOT NULL,
  `ismadatory` tinyint(1) NOT NULL,
  `label` longtext NOT NULL,
  `name` longtext NOT NULL,
  `sequence` longtext NOT NULL,
  `type` longtext NOT NULL,
  `report_id` bigint(20) NOT NULL,
  `IsSmeLine` tinyint(1) NOT NULL,
  `NewLine` tinyint(1) NOT NULL,
  PRIMARY KEY (`reportparameter_id`),
  KEY `FK_8ec8f206e06047ce8c5f033537d` (`report_id`),
  CONSTRAINT `FK_8ec8f206e06047ce8c5f033537d` FOREIGN KEY (`report_id`) REFERENCES `report` (`report_id`)
) ENGINE=InnoDB AUTO_INCREMENT=9 DEFAULT CHARSET=latin1;

/*Data for the table `reportparameter` */

insert  into `reportparameter`(`reportparameter_id`,`ishidden`,`ismadatory`,`label`,`name`,`sequence`,`type`,`report_id`,`IsSmeLine`,`NewLine`) values (6,0,1,'Ho Ten','NAME','1','com.vaadin.ui.TextField',20,0,0),(7,0,1,'Sinh nam','DATE','3','com.vaadin.ui.ComboBox',20,1,0),(8,0,1,'Tai khoan','USER','2','com.vaadin.ui.TextField',20,1,0);

/*Table structure for table `role` */

DROP TABLE IF EXISTS `role`;

CREATE TABLE `role` (
  `RoleID` bigint(20) NOT NULL AUTO_INCREMENT,
  `Name` varchar(200) NOT NULL,
  `Code` varchar(60) NOT NULL,
  `Description` varchar(500) DEFAULT NULL,
  PRIMARY KEY (`RoleID`)
) ENGINE=InnoDB AUTO_INCREMENT=5 DEFAULT CHARSET=utf8;

/*Data for the table `role` */

insert  into `role`(`RoleID`,`Name`,`Code`,`Description`) values (1,'Administrator','ROLE_PORTAL_ADMIN','Administrator'),(2,'User','ROLE_PORTAL_USER','Vai trò người dùng'),(4,'Người dùng thử nghiệm','ROLE_PORTAL_TEST','Người dùng thử nghiệm ngày hôm nay');

/*Table structure for table `role_view` */

DROP TABLE IF EXISTS `role_view`;

CREATE TABLE `role_view` (
  `RoleID` bigint(20) NOT NULL,
  `ViewID` bigint(20) NOT NULL,
  PRIMARY KEY (`RoleID`,`ViewID`),
  KEY `FK_c65cd2bcc8dd47a7ae482bbbf64` (`ViewID`),
  KEY `FK_6c26717b0ae1433c8414fce7d6e` (`RoleID`),
  CONSTRAINT `FK_6c26717b0ae1433c8414fce7d6e` FOREIGN KEY (`RoleID`) REFERENCES `role` (`RoleID`),
  CONSTRAINT `FK_c65cd2bcc8dd47a7ae482bbbf64` FOREIGN KEY (`ViewID`) REFERENCES `view` (`ViewID`)
) ENGINE=InnoDB DEFAULT CHARSET=utf8;

/*Data for the table `role_view` */

insert  into `role_view`(`RoleID`,`ViewID`) values (1,3),(2,3),(1,4),(2,4),(1,5),(2,5),(1,6),(2,6),(1,7),(2,7),(1,8),(2,8),(1,9),(2,9),(1,10),(1,11),(1,26),(1,27),(1,28),(1,29),(1,30),(1,33),(1,34),(1,35),(1,36),(1,37),(1,39),(1,40);

/*Table structure for table `user` */

DROP TABLE IF EXISTS `user`;

CREATE TABLE `user` (
  `UserID` bigint(20) NOT NULL AUTO_INCREMENT,
  `Name` varchar(1000) NOT NULL,
  `Username` varchar(256) NOT NULL,
  `Password` varchar(256) NOT NULL,
  `DOB` timestamp NOT NULL DEFAULT CURRENT_TIMESTAMP ON UPDATE CURRENT_TIMESTAMP,
  `Email` varchar(256) NOT NULL,
  PRIMARY KEY (`UserID`)
) ENGINE=InnoDB AUTO_INCREMENT=3062 DEFAULT CHARSET=utf8;

/*Data for the table `user` */

insert  into `user`(`UserID`,`Name`,`Username`,`Password`,`DOB`,`Email`) values (9,'Vũ Việt Hưng','hungvv','e10adc3949ba59abbe56e057f20f883e','2013-12-20 15:39:23','hungvv@viettel.com.vn'),(3014,'Hoàng Phương Nhi','nhihp1','e10adc3949ba59abbe56e057f20f883e','2014-01-20 08:30:25','nhihp@viettel.com.vn'),(3015,'Nguyễn Đức Hải','haind','e10adc3949ba59abbe56e057f20f883e','2014-01-20 08:30:25','haind25@viettel.com.vn'),(3016,'Nguyễn Văn Thanh','thanhnv','e10adc3949ba59abbe56e057f20f883e','1991-10-01 00:00:00','thanhnv60@viettel.com.vn'),(3017,'Hung','hungvv','e10adc3949ba59abbe56e057f20f883e','2014-01-20 08:30:25','1'),(3021,'Nguyen Van Phuc','phucnv','e10adc3949ba59abbe56e057f20f883e','2014-01-06 00:00:00','phucnv18@viettel.com.vn'),(3026,'Kim Ha Trung','trungkh','e10adc3949ba59abbe56e057f20f883e','2014-01-31 00:00:00','trungkh'),(3027,'Kim Ha Trung','trungkh','e10adc3949ba59abbe56e057f20f883e','2014-01-21 00:00:00','trungkh'),(3028,'Kim Ha Trung','trungkh','e10adc3949ba59abbe56e057f20f883e','2014-01-21 00:00:00','trungkh'),(3029,'Kim Ha Trung','trungkh','e10adc3949ba59abbe56e057f20f883e','2014-01-31 00:00:00','trungkh'),(3030,'Kim Ha Trung','thanh','e10adc3949ba59abbe56e057f20f883e','2014-01-21 15:54:03','trungkh'),(3031,'Tran Van Tho','thotvdeptrai','e10adc3949ba59abbe56e057f20f883e','2014-01-06 00:00:00','thotv@viettel.com.vn'),(3032,'Đỗ Thị Nhẫn','nhandt4','e10adc3949ba59abbe56e057f20f883e','2014-02-17 09:41:30','nhandt4@viettel.com.vn'),(3033,'khangpn','khangpn','e10adc3949ba59abbe56e057f20f883e','2014-02-16 00:00:00','khangpn'),(3034,'coucou','coucou','e10adc3949ba59abbe56e057f20f883e','2014-03-18 00:00:00','coucou@gmail.com'),(3035,'Hoàng Thị Thơm','thomht','81dc9bdb52d04dc20036dbd8313ed055','2014-03-05 00:00:00','thomht@viettel.com.vn'),(3036,'Kim Ha Trung','trungkh','123456','2014-03-06 15:09:28','trungkh@viettel.vn'),(3037,'Kim Ha Trung','trungkh','123456','2014-03-06 15:15:53','trungkh@viettel.vn'),(3038,'Kim Ha Trung','trungkh','123456','2014-03-06 15:19:09','trungkh@viettel.vn'),(3050,'alo','alo','123456','2014-03-31 00:00:00','alo@alo.com'),(3051,'aloa','alo','123456','2014-03-31 00:00:00','alo@alo.com'),(3052,'aloa','alo','123456','2014-03-31 00:00:00','alo@alo.com'),(3053,'boday','alo','123456','2014-03-31 00:00:00','alo@alo.com'),(3054,'huyenlt','huyenlt','123456','2014-04-02 00:00:00','huyenlt14'),(3055,'alo','alo','123456','2014-03-31 00:00:00','alo@alo.com'),(3056,'Đặng Văn A','adv','123456','2014-03-31 00:00:00','adv@abc.com'),(3057,'nguyen van a','usernam','123456','2014-04-02 00:00:00','email'),(3058,'nguyen van a','usernam','123456','2014-04-02 00:00:00','email'),(3059,'nguyen van a','usernam','123456','2014-04-02 00:00:00','email'),(3060,'nguyen van a','usernam','123456','2014-04-02 00:00:00','email'),(3061,'nguyen van a','usernam','123456','2014-04-02 00:00:00','email');

/*Table structure for table `user_role` */

DROP TABLE IF EXISTS `user_role`;

CREATE TABLE `user_role` (
  `UserRoleID` bigint(20) NOT NULL AUTO_INCREMENT,
  `ApplicationID` bigint(20) NOT NULL,
  `UserID` bigint(20) NOT NULL,
  `RoleID` bigint(20) NOT NULL,
  PRIMARY KEY (`UserRoleID`),
  KEY `FK_userrole_role` (`ApplicationID`),
  KEY `FK_user_role_user` (`UserID`),
  CONSTRAINT `FK_user_role_application` FOREIGN KEY (`ApplicationID`) REFERENCES `application` (`ApplicationID`),
  CONSTRAINT `FK_user_role_user` FOREIGN KEY (`UserID`) REFERENCES `user` (`UserID`)
) ENGINE=InnoDB AUTO_INCREMENT=71 DEFAULT CHARSET=utf8;

/*Data for the table `user_role` */

insert  into `user_role`(`UserRoleID`,`ApplicationID`,`UserID`,`RoleID`) values (47,4,3016,2),(48,4,3016,2),(50,4,3016,2),(68,3,3016,1),(69,2,3016,1),(70,5,3016,1);

/*Table structure for table `view` */

DROP TABLE IF EXISTS `view`;

CREATE TABLE `view` (
  `ViewID` bigint(20) NOT NULL AUTO_INCREMENT,
  `Active` tinyint(1) NOT NULL,
  `Code` varchar(60) NOT NULL,
  `Description` varchar(255) DEFAULT NULL,
  `Icon` longtext,
  `Level` int(11) DEFAULT NULL,
  `Menu` tinyint(1) NOT NULL,
  `Name` varchar(60) NOT NULL,
  `Summary` tinyint(1) NOT NULL,
  `ViewClass` varchar(255) DEFAULT NULL,
  `ParentViewId` bigint(20) DEFAULT NULL,
  `ViewGroupID` bigint(20) DEFAULT NULL,
  `Fragment` varchar(100) DEFAULT NULL,
  PRIMARY KEY (`ViewID`),
  KEY `FK_6e67d5f5c80c43c5ae24489244c` (`ParentViewId`),
  KEY `FK_e55d2229df9349419c034d59b43` (`ViewGroupID`),
  KEY `FK_b93abcc5098b4db2826ca87fc99` (`ViewGroupID`),
  CONSTRAINT `FK_6e67d5f5c80c43c5ae24489244c` FOREIGN KEY (`ParentViewId`) REFERENCES `view` (`ViewID`),
  CONSTRAINT `FK_e55d2229df9349419c034d59b43` FOREIGN KEY (`ViewGroupID`) REFERENCES `view_group` (`ViewGroupID`)
) ENGINE=InnoDB AUTO_INCREMENT=41 DEFAULT CHARSET=utf8;

/*Data for the table `view` */

insert  into `view`(`ViewID`,`Active`,`Code`,`Description`,`Icon`,`Level`,`Menu`,`Name`,`Summary`,`ViewClass`,`ParentViewId`,`ViewGroupID`,`Fragment`) values (3,1,'Warehouse',NULL,'img/user.svg',1,1,'Kho hàng',0,'com.viettel.webui.view.WarehouseView',6,3,'warehouse'),(4,1,'Customer',NULL,'img/user.svg',3,1,'Khách hàng',0,'com.viettel.webui.view.CustomerView',6,1,'customer'),(5,1,'Product',NULL,'img/user.svg',3,1,'Sản phẩm',0,'com.viettel.webui.view.ProductView',6,2,'product'),(6,1,'user4',NULL,'img/user.svg',4,1,'Mở rộng',1,'com.viettel.webui.main.MenuPanelView',NULL,NULL,'more'),(7,1,'Department',NULL,'img/user.svg',4,1,'Phòng ban',0,'com.viettel.webui.view.DepartmentView',6,1,'department'),(8,1,'Enterprise',NULL,'img/user.svg',1,1,'Đơn vị',0,'com.viettel.webui.view.EnterpriseView',6,1,'enterprise'),(9,1,'Employee',NULL,'img/user.svg',1,1,'Nhân viên',0,'com.viettel.webui.view.EmployeeView',6,1,'employee'),(10,1,'dashboard',NULL,'img/user.svg',1,1,'Dashboard',0,'com.viettel.webui.view.UserView',NULL,NULL,'dashboard'),(11,1,'view','',NULL,2,1,'Chức năng',0,'com.viettel.webui.view.ViewDetail',27,NULL,'view'),(26,1,'application','Application menu summry','img/application24.png',5,1,'Ứng dụng',1,'',NULL,NULL,''),(27,1,'security','Security menu summary','img/lock-flat-24.png',3,1,'Bảo mật',1,'',NULL,NULL,''),(28,1,'applicationList','Application list menu',NULL,1,1,'Danh sách',0,'com.viettel.webui.view.ApplicationView',26,NULL,'apps/list'),(29,1,'applicationAccess','Application access',NULL,2,1,'Truy cập',0,'com.viettel.webui.view.ApplicationUserView',26,NULL,'apps/access'),(30,1,'role','Role list',NULL,1,1,'Vai trò',0,'com.viettel.webui.view.RoleView',27,NULL,'role'),(33,1,'InOut',NULL,'img/user.svg',4,1,'Nhập/Xuất kho',0,'com.viettel.webui.view.InOutView',6,3,'inout'),(34,1,'RP',NULL,'img/report.svg',5,1,'Báo cáo',1,'com.viettel.webui.main.MenuPanelView',NULL,NULL,'report'),(35,1,'UDDRA',NULL,'img/report.svg',1,1,'Ngày sinh',0,'com.viettel.webui.view.UserByMonthDDR',34,4,'userbymonth'),(36,1,'reportdetail',NULL,'',1,0,'Chi tiết báo cáo',0,'com.viettel.webui.view.UserByMonthDDRDetail',NULL,NULL,'reportdetail'),(37,1,'popup',NULL,'',1,1,'Popup',0,'com.viettel.webui.view.PopupChooserView',27,NULL,'popup'),(39,1,'TestView',NULL,'img/user.svg',1,1,'TestView',0,'com.viettel.webui.view.TestView',6,3,'TestView'),(40,1,'popuplist',NULL,'img/user.svg',1,1,'Danh sách Popup',0,'com.viettel.webui.view.PopupView',NULL,NULL,'popuplist');

/*Table structure for table `view_group` */

DROP TABLE IF EXISTS `view_group`;

CREATE TABLE `view_group` (
  `ViewGroupID` bigint(20) NOT NULL AUTO_INCREMENT,
  `Code` varchar(255) DEFAULT NULL,
  `Level` int(11) DEFAULT NULL,
  `Name` varchar(255) DEFAULT NULL,
  `ViewID` bigint(20) NOT NULL,
  PRIMARY KEY (`ViewGroupID`),
  KEY `FK_viewgroup_view` (`ViewID`),
  CONSTRAINT `FK_viewgroup_view` FOREIGN KEY (`ViewID`) REFERENCES `view` (`ViewID`)
) ENGINE=InnoDB AUTO_INCREMENT=5 DEFAULT CHARSET=utf8;

/*Data for the table `view_group` */

insert  into `view_group`(`ViewGroupID`,`Code`,`Level`,`Name`,`ViewID`) values (1,'gr1',1,'Cơ cấu - Tổ chức',6),(2,'gr2',3,'Mua bán',6),(3,'gr3',9,'Hàng hóa - Vật tư',6),(4,'gr4',1,'Người dùng',34);

/*Table structure for table `view_popup` */

DROP TABLE IF EXISTS `view_popup`;

CREATE TABLE `view_popup` (
  `ViewID` bigint(20) NOT NULL,
  `PopupID` bigint(20) NOT NULL,
  PRIMARY KEY (`ViewID`,`PopupID`),
  KEY `FK_viewpopup_popup` (`PopupID`),
  CONSTRAINT `FK_viewpopup_popup` FOREIGN KEY (`PopupID`) REFERENCES `popup` (`PopupID`),
  CONSTRAINT `FK_viewpopup_view` FOREIGN KEY (`ViewID`) REFERENCES `view` (`ViewID`)
) ENGINE=InnoDB DEFAULT CHARSET=utf8;

/*Data for the table `view_popup` */

insert  into `view_popup`(`ViewID`,`PopupID`) values (10,1),(10,2),(36,2),(11,3),(8,7),(7,8),(9,9),(33,10),(4,17),(5,18),(3,19),(28,20),(37,21),(10,22);

/*Table structure for table `warehouse` */

DROP TABLE IF EXISTS `warehouse`;

CREATE TABLE `warehouse` (
  `WarehouseID` bigint(20) NOT NULL AUTO_INCREMENT,
  `Name` varchar(255) NOT NULL,
  `Code` varchar(255) NOT NULL,
  PRIMARY KEY (`WarehouseID`)
) ENGINE=InnoDB AUTO_INCREMENT=3 DEFAULT CHARSET=utf8;

/*Data for the table `warehouse` */

insert  into `warehouse`(`WarehouseID`,`Name`,`Code`) values (1,'Kho A','KA'),(2,'Kho B','KB');

/*Table structure for table `web_service` */

DROP TABLE IF EXISTS `web_service`;

CREATE TABLE `web_service` (
  `WebServiceID` bigint(20) NOT NULL AUTO_INCREMENT,
  `ApplicationID` bigint(20) NOT NULL,
  `Name` varchar(500) NOT NULL,
  `Path` varchar(2000) DEFAULT NULL,
  `ServiceInterface` varchar(5000) DEFAULT NULL,
  `Namespace` varchar(2000) DEFAULT NULL,
  `PortName` varchar(500) DEFAULT NULL,
  PRIMARY KEY (`WebServiceID`),
  KEY `FK_applicationservice_application` (`ApplicationID`),
  CONSTRAINT `FK_applicationservice_application` FOREIGN KEY (`ApplicationID`) REFERENCES `application` (`ApplicationID`)
) ENGINE=InnoDB AUTO_INCREMENT=9 DEFAULT CHARSET=utf8;

/*Data for the table `web_service` */

insert  into `web_service`(`WebServiceID`,`ApplicationID`,`Name`,`Path`,`ServiceInterface`,`Namespace`,`PortName`) values (1,1,'RoleServiceEndPointService','http://localhost:6080/viettel-one-service/ws/role?wsdl','com.viettel.backend.ws.api.RoleWS','http://ws.backend.viettel.com/','RoleServiceEndPointPort');

/*!40101 SET SQL_MODE=@OLD_SQL_MODE */;
/*!40014 SET FOREIGN_KEY_CHECKS=@OLD_FOREIGN_KEY_CHECKS */;
/*!40014 SET UNIQUE_CHECKS=@OLD_UNIQUE_CHECKS */;
/*!40111 SET SQL_NOTES=@OLD_SQL_NOTES */;
