-- MySQL dump 10.13  Distrib 5.6.16, for Win32 (x86)
--
-- Host: localhost    Database: viettelone
-- ------------------------------------------------------
-- Server version	5.6.16

/*!40101 SET @OLD_CHARACTER_SET_CLIENT=@@CHARACTER_SET_CLIENT */;
/*!40101 SET @OLD_CHARACTER_SET_RESULTS=@@CHARACTER_SET_RESULTS */;
/*!40101 SET @OLD_COLLATION_CONNECTION=@@COLLATION_CONNECTION */;
/*!40101 SET NAMES utf8 */;
/*!40103 SET @OLD_TIME_ZONE=@@TIME_ZONE */;
/*!40103 SET TIME_ZONE='+00:00' */;
/*!40014 SET @OLD_UNIQUE_CHECKS=@@UNIQUE_CHECKS, UNIQUE_CHECKS=0 */;
/*!40014 SET @OLD_FOREIGN_KEY_CHECKS=@@FOREIGN_KEY_CHECKS, FOREIGN_KEY_CHECKS=0 */;
/*!40101 SET @OLD_SQL_MODE=@@SQL_MODE, SQL_MODE='NO_AUTO_VALUE_ON_ZERO' */;
/*!40111 SET @OLD_SQL_NOTES=@@SQL_NOTES, SQL_NOTES=0 */;

--
-- Table structure for table `app_file`
--

DROP TABLE IF EXISTS `app_file`;
/*!40101 SET @saved_cs_client     = @@character_set_client */;
/*!40101 SET character_set_client = utf8 */;
CREATE TABLE `app_file` (
  `AppFileID` bigint(20) NOT NULL AUTO_INCREMENT,
  `AppName` varchar(255) DEFAULT NULL,
  `Created` date DEFAULT NULL,
  `CreatedBy` bigint(20) DEFAULT NULL,
  `Modified` date DEFAULT NULL,
  `ModifiedBy` bigint(20) DEFAULT NULL,
  `RealName` varchar(255) DEFAULT NULL,
  `Value` varchar(255) DEFAULT NULL,
  PRIMARY KEY (`AppFileID`)
) ENGINE=InnoDB AUTO_INCREMENT=37 DEFAULT CHARSET=utf8;
/*!40101 SET character_set_client = @saved_cs_client */;

--
-- Dumping data for table `app_file`
--

LOCK TABLES `app_file` WRITE;
/*!40000 ALTER TABLE `app_file` DISABLE KEYS */;
INSERT INTO `app_file` VALUES (1,'en_2.png','2014-03-28',3033,NULL,NULL,'/home/khangpn/Data/ViettelOne/_svn/viettel-one-webui/target/viettel-one-webui-0.0.1-SNAPSHOT/uploads/en_2.png',NULL),(2,'đính ước-như quỳnh,trường vũ[DQ1] - YouTube.MP4','2014-03-28',3016,NULL,NULL,'/home/khangpn/Data/ViettelOne/_svn/viettel-one-webui/target/viettel-one-webui-0.0.1-SNAPSHOT/uploads/đính ước-như quỳnh,trường vũ[DQ1] - YouTube.MP4',NULL),(3,'e_3.png','2014-03-28',3033,NULL,NULL,'/home/khangpn/Data/ViettelOne/_svn/viettel-one-webui/target/viettel-one-webui-0.0.1-SNAPSHOT/uploads/e_3.png',NULL),(4,'e_3.png','2014-03-28',3033,NULL,NULL,'/home/khangpn/Data/ViettelOne/_svn/viettel-one-webui/target/viettel-one-webui-0.0.1-SNAPSHOT/uploads/e_3.png',NULL),(5,'en_2.png','2014-03-28',3033,NULL,NULL,'/home/khangpn/Data/ViettelOne/_svn/viettel-one-webui/target/viettel-one-webui-0.0.1-SNAPSHOT/uploads/2fd17d4f-c965-48ea-8f62-49a039029f22png',NULL),(6,'e_3.png','2014-03-28',3033,NULL,NULL,'/home/khangpn/Data/ViettelOne/_svn/viettel-one-webui/target/viettel-one-webui-0.0.1-SNAPSHOT/uploads/23618a66-5126-40a0-82d4-e02afe270672.png',NULL),(7,'en_2.png','2014-03-28',3033,NULL,NULL,'/home/khangpn/Data/ViettelOne/_svn/viettel-one-webui/target/viettel-one-webui-0.0.1-SNAPSHOT/uploads/10292869-f795-4e89-b071-74b1a719b72d.png',NULL),(8,'en_2.png','2014-03-28',3033,NULL,NULL,'/home/khangpn/Data/ViettelOne/_svn/viettel-one-webui/target/viettel-one-webui-0.0.1-SNAPSHOT/uploads/61901890-79e6-48fb-bfcd-c3d4cce2c925.png',NULL),(9,'en_2.png','2014-03-28',3033,NULL,NULL,'/home/khangpn/Data/ViettelOne/_svn/viettel-one-webui/target/viettel-one-webui-0.0.1-SNAPSHOT/uploads/e427739c-d2b0-4191-9dcd-b901e85fcb72.png',NULL),(10,'en_2.png','2014-03-28',3033,NULL,NULL,'/home/khangpn/Data/ViettelOne/_svn/viettel-one-webui/target/viettel-one-webui-0.0.1-SNAPSHOT/uploads/f6677bf3-a5d5-4386-8994-46e7c6f53771.png',NULL),(11,'e_3.png','2014-03-28',3033,NULL,NULL,'/home/khangpn/Data/ViettelOne/_svn/viettel-one-webui/target/viettel-one-webui-0.0.1-SNAPSHOT/uploads/da656388-d5e1-41ac-9c70-f9817f570173.png',NULL),(12,'e_3.png','2014-03-28',3033,NULL,NULL,'/home/khangpn/Data/ViettelOne/_svn/viettel-one-webui/target/viettel-one-webui-0.0.1-SNAPSHOT/uploads/8390a422-691f-4e1f-aa71-c840cc074f00.png',NULL),(13,'en_2.png','2014-03-28',3033,NULL,NULL,'/home/khangpn/Data/ViettelOne/_svn/viettel-one-webui/target/viettel-one-webui-0.0.1-SNAPSHOT/uploads/4ce368d3-bc3a-4615-8375-ab3bc563dbaf.png',NULL),(14,'en_2.png','2014-03-28',3033,NULL,NULL,'/home/khangpn/Data/ViettelOne/_svn/viettel-one-webui/target/viettel-one-webui-0.0.1-SNAPSHOT/uploads/d573de1e-efd3-436e-ad83-ab545be65c1e.png',NULL),(15,'e_3.png','2014-03-28',3033,NULL,NULL,'/home/khangpn/Data/ViettelOne/_svn/viettel-one-webui/target/viettel-one-webui-0.0.1-SNAPSHOT/uploads/a8e1bf61-2646-464f-b8ca-18b96387577e.png',NULL),(16,'e_1.png','2014-03-28',3033,NULL,NULL,'/home/khangpn/Data/ViettelOne/_svn/viettel-one-webui/target/viettel-one-webui-0.0.1-SNAPSHOT/uploads/365107cf-2d8d-422b-b52c-b4c18f895966.png',NULL),(17,'e_2.png','2014-03-28',3033,NULL,NULL,'/home/khangpn/Data/ViettelOne/_svn/viettel-one-webui/target/viettel-one-webui-0.0.1-SNAPSHOT/uploads/d630ebe4-7b4d-4722-a169-98ba07fe12bf.png',NULL),(18,'e_3.png','2014-03-28',3033,NULL,NULL,'/home/khangpn/Data/ViettelOne/_svn/viettel-one-webui/target/viettel-one-webui-0.0.1-SNAPSHOT/uploads/1a2f57fd-88ed-4ae3-94a4-4812e2592bb2.png',NULL),(19,'e_2.png','2014-03-28',3033,NULL,NULL,'/home/khangpn/Data/ViettelOne/_svn/viettel-one-webui/target/viettel-one-webui-0.0.1-SNAPSHOT/uploads/f7c2027f-f5ee-4b07-bb66-6bafd3c282be.png',NULL),(20,'e_3.png','2014-03-28',3033,NULL,NULL,'/home/khangpn/Data/ViettelOne/_svn/viettel-one-webui/target/viettel-one-webui-0.0.1-SNAPSHOT/uploads/3bfb6364-6f53-4902-8a14-a3fd6147efbf.png',NULL),(21,'e_3.png','2014-03-28',3033,NULL,NULL,'/home/khangpn/Data/ViettelOne/_svn/viettel-one-webui/target/viettel-one-webui-0.0.1-SNAPSHOT/uploads/2ffb8e86-db86-4309-ba47-24b40a08ada7.png',NULL),(22,'en_2.png','2014-03-28',3033,NULL,NULL,'/home/khangpn/Data/ViettelOne/_svn/viettel-one-webui/target/viettel-one-webui-0.0.1-SNAPSHOT/uploads/fc3271b2-1db0-4990-80bf-15b3acfd5eee.png',NULL),(23,'e_3.png','2014-03-28',3033,NULL,NULL,'/home/khangpn/Data/ViettelOne/_svn/viettel-one-webui/target/viettel-one-webui-0.0.1-SNAPSHOT/uploads/e5de3115-bded-4de2-8a49-d4a22524f0ee.png',NULL),(24,'e_3.png','2014-03-28',3033,NULL,NULL,'/home/khangpn/Data/ViettelOne/_svn/viettel-one-webui/target/viettel-one-webui-0.0.1-SNAPSHOT/uploads/29c36de1-2c73-4849-adb1-baac6526a2d5.png',NULL),(25,'e_3.png','2014-03-28',3033,NULL,NULL,'/home/khangpn/Data/ViettelOne/_svn/viettel-one-webui/target/viettel-one-webui-0.0.1-SNAPSHOT/uploads/42cf16ed-35f9-4782-8268-d9dbf5b3fe21.png',NULL),(26,'en_2.png','2014-03-31',3033,NULL,NULL,'/home/khangpn/Data/ViettelOne/_svn/viettel-one-webui/target/viettel-one-webui-0.0.1-SNAPSHOT/uploads/e866f086-2cef-40b6-8f82-789ed5aaa14c.png',NULL),(27,'e_1.png','2014-03-31',3033,NULL,NULL,'/home/khangpn/Data/ViettelOne/_svn/viettel-one-webui/target/viettel-one-webui-0.0.1-SNAPSHOT/uploads/603d9cb0-9f6c-4508-a768-bf1c5f6e3e48.png',NULL),(28,'MyCompare.java','2014-04-02',3033,NULL,NULL,'/home/khangpn/Data/ViettelOne/_svn/viettel-one-webui/target/viettel-one-webui-0.0.1-SNAPSHOT/uploads/5235223c-d5e3-442d-ba61-63c79bc11199.java',NULL),(29,'e_2.png','2014-04-03',3033,NULL,NULL,'/home/khangpn/Data/ViettelOne/_svn/viettel-one-webui/target/viettel-one-webui-0.0.1-SNAPSHOT/uploads/bc6d5811-9846-489c-bd86-f6e1b10b3f7a.png',NULL),(30,'default.jpeg','2014-04-03',3033,NULL,NULL,'/home/khangpn/Data/ViettelOne/_svn/viettel-one-webui/target/viettel-one-webui-0.0.1-SNAPSHOT/uploads/53923696-aad9-4c88-8181-e7845bcf0891.jpeg',NULL),(31,'default.jpeg','2014-04-03',3033,NULL,NULL,'/home/khangpn/Data/ViettelOne/_svn/viettel-one-webui/target/viettel-one-webui-0.0.1-SNAPSHOT/uploads/8fe46fe5-d5a7-48e3-851d-fa2d464e1ff8.jpeg',NULL),(32,'default.jpeg','2014-04-03',3033,NULL,NULL,'/home/khangpn/Data/ViettelOne/_svn/viettel-one-webui/target/viettel-one-webui-0.0.1-SNAPSHOT/uploads/ffaeb9fd-abb7-4dcd-89ef-8213f5fd6d5c.jpeg',NULL),(33,'default.jpeg','2014-04-03',3026,NULL,NULL,'/home/khangpn/Data/ViettelOne/_svn/viettel-one-webui/target/viettel-one-webui-0.0.1-SNAPSHOT/uploads/c5ad7812-de19-49c9-9f13-47f499af7d89.jpeg',NULL),(34,'viettel.jpeg','2014-04-08',3026,NULL,NULL,'/home/khangpn/Data/ViettelOne/_svn/viettel-one-webui/target/viettel-one-webui-0.0.1-SNAPSHOT/uploads/5cb1f943-30fc-4564-bfa0-529bd2978e4e.jpeg',NULL),(35,'default.jpeg','2014-04-08',3026,NULL,NULL,'/home/khangpn/Data/ViettelOne/_svn/viettel-one-webui/target/viettel-one-webui-0.0.1-SNAPSHOT/uploads/13802d96-a5f6-4976-b5ab-de3051d094a0.jpeg',NULL),(36,'e_1.png','2014-04-08',3026,NULL,NULL,'/home/khangpn/Data/ViettelOne/_svn/viettel-one-webui/target/viettel-one-webui-0.0.1-SNAPSHOT/uploads/e16678a4-9885-4c89-bde4-4813fb67f941.png',NULL);
/*!40000 ALTER TABLE `app_file` ENABLE KEYS */;
UNLOCK TABLES;

--
-- Table structure for table `application`
--

DROP TABLE IF EXISTS `application`;
/*!40101 SET @saved_cs_client     = @@character_set_client */;
/*!40101 SET character_set_client = utf8 */;
CREATE TABLE `application` (
  `ApplicationID` bigint(20) NOT NULL AUTO_INCREMENT,
  `Name` varchar(1000) NOT NULL,
  `Code` varchar(20) NOT NULL,
  `ViewAddress` varchar(255) NOT NULL,
  `ServiceAddress` varchar(255) NOT NULL,
  `ImageLink` varchar(2000) DEFAULT NULL,
  PRIMARY KEY (`ApplicationID`)
) ENGINE=InnoDB AUTO_INCREMENT=6 DEFAULT CHARSET=utf8;
/*!40101 SET character_set_client = @saved_cs_client */;

--
-- Dumping data for table `application`
--

LOCK TABLES `application` WRITE;
/*!40000 ALTER TABLE `application` DISABLE KEYS */;
INSERT INTO `application` VALUES (1,'Portal','PORTAL','192.168.140.46','192.168.140.46','https://cdn1.iconfinder.com/data/icons/windows-8-metro-style/26/voip_gateway.png'),(2,'Human Resources','HRM','192.168.140.46','192.168.140.46','https://cdn2.iconfinder.com/data/icons/flat-ui-icons-24-px/24/man-24-24.png'),(3,'Customer Relationship Management','CRM','192.168.140.140','192.168.140.140','https://cdn0.iconfinder.com/data/icons/iphone-black-people-svg-icons/30/clients_client_user_male_earth_man_list_customer_windows-24.png'),(4,'Business Process Management','BMP','192.168.140.24','192.168.140.24','https://cdn2.iconfinder.com/data/icons/couds/512/cloud_reload_1-24.png'),(5,'Accounting And Inventory','ACC','192.168.140.147','192.168.140.147','https://cdn4.iconfinder.com/data/icons/aiga-symbol-signs/612/aiga_cashier_bg-24.png');
/*!40000 ALTER TABLE `application` ENABLE KEYS */;
UNLOCK TABLES;

--
-- Table structure for table `customer`
--

DROP TABLE IF EXISTS `customer`;
/*!40101 SET @saved_cs_client     = @@character_set_client */;
/*!40101 SET character_set_client = utf8 */;
CREATE TABLE `customer` (
  `CustomerID` bigint(20) NOT NULL AUTO_INCREMENT,
  `Address` varchar(255) DEFAULT NULL,
  `BankAccount` varchar(255) DEFAULT NULL,
  `Code` varchar(255) DEFAULT NULL,
  `created` date DEFAULT NULL,
  `createdBy` bigint(20) DEFAULT NULL,
  `Email` varchar(255) DEFAULT NULL,
  `modified` date DEFAULT NULL,
  `modifiedBy` bigint(20) DEFAULT NULL,
  `Name` varchar(255) DEFAULT NULL,
  `PhoneNumber` varchar(255) DEFAULT NULL,
  `TaxNo` varchar(255) DEFAULT NULL,
  `Type` varchar(255) DEFAULT NULL,
  `value` varchar(255) DEFAULT NULL,
  PRIMARY KEY (`CustomerID`)
) ENGINE=InnoDB AUTO_INCREMENT=5 DEFAULT CHARSET=utf8;
/*!40101 SET character_set_client = @saved_cs_client */;

--
-- Dumping data for table `customer`
--

LOCK TABLES `customer` WRITE;
/*!40000 ALTER TABLE `customer` DISABLE KEYS */;
INSERT INTO `customer` VALUES (1,'Hà Nội','2154545','CUA',NULL,NULL,'a@jkdhfjdhf.com',NULL,NULL,'Ông A',NULL,NULL,NULL,NULL),(2,'ABC','5467567','CUB',NULL,NULL,'b@fkgjfkg.com',NULL,NULL,'Anh B',NULL,NULL,NULL,NULL),(3,'','','',NULL,NULL,'',NULL,NULL,'Nhà Phân phối bán lẻ điện thoại IPHONE 10',NULL,NULL,NULL,NULL),(4,'','','',NULL,NULL,'',NULL,NULL,'Bán Điện THoại',NULL,NULL,NULL,NULL);
/*!40000 ALTER TABLE `customer` ENABLE KEYS */;
UNLOCK TABLES;

--
-- Table structure for table `department`
--

DROP TABLE IF EXISTS `department`;
/*!40101 SET @saved_cs_client     = @@character_set_client */;
/*!40101 SET character_set_client = utf8 */;
CREATE TABLE `department` (
  `DepartmentID` bigint(20) NOT NULL AUTO_INCREMENT,
  `ActiveDate` date NOT NULL,
  `Code` varchar(255) DEFAULT NULL,
  `ExpiredDate` date DEFAULT NULL,
  `Image` varchar(255) DEFAULT NULL,
  `Name` varchar(255) NOT NULL,
  `EnterpriseID` bigint(20) DEFAULT NULL,
  `Parent_ID` bigint(20) DEFAULT NULL,
  PRIMARY KEY (`DepartmentID`),
  KEY `FK_4732b0f318bc40628f47eb2ce61` (`EnterpriseID`),
  KEY `FK_2d9206cfc6ca45f6b2068c0b8cd` (`Parent_ID`),
  CONSTRAINT `FK_2d9206cfc6ca45f6b2068c0b8cd` FOREIGN KEY (`Parent_ID`) REFERENCES `department` (`DepartmentID`),
  CONSTRAINT `FK_4732b0f318bc40628f47eb2ce61` FOREIGN KEY (`EnterpriseID`) REFERENCES `enterprise` (`EnterpriseID`)
) ENGINE=InnoDB DEFAULT CHARSET=utf8;
/*!40101 SET character_set_client = @saved_cs_client */;

--
-- Dumping data for table `department`
--

LOCK TABLES `department` WRITE;
/*!40000 ALTER TABLE `department` DISABLE KEYS */;
/*!40000 ALTER TABLE `department` ENABLE KEYS */;
UNLOCK TABLES;

--
-- Table structure for table `department_position`
--

DROP TABLE IF EXISTS `department_position`;
/*!40101 SET @saved_cs_client     = @@character_set_client */;
/*!40101 SET character_set_client = utf8 */;
CREATE TABLE `department_position` (
  `DepartmentID` bigint(20) NOT NULL,
  `PositionID` bigint(20) NOT NULL,
  PRIMARY KEY (`DepartmentID`,`PositionID`),
  KEY `FK_e0b449a5f2a54d81914235aa07c` (`PositionID`),
  KEY `FK_0825892a1d2e4e82b81173567be` (`DepartmentID`),
  CONSTRAINT `FK_0825892a1d2e4e82b81173567be` FOREIGN KEY (`DepartmentID`) REFERENCES `department` (`DepartmentID`),
  CONSTRAINT `FK_e0b449a5f2a54d81914235aa07c` FOREIGN KEY (`PositionID`) REFERENCES `position` (`PositionID`)
) ENGINE=InnoDB DEFAULT CHARSET=utf8;
/*!40101 SET character_set_client = @saved_cs_client */;

--
-- Dumping data for table `department_position`
--

LOCK TABLES `department_position` WRITE;
/*!40000 ALTER TABLE `department_position` DISABLE KEYS */;
/*!40000 ALTER TABLE `department_position` ENABLE KEYS */;
UNLOCK TABLES;

--
-- Table structure for table `departmentposition`
--

DROP TABLE IF EXISTS `departmentposition`;
/*!40101 SET @saved_cs_client     = @@character_set_client */;
/*!40101 SET character_set_client = utf8 */;
CREATE TABLE `departmentposition` (
  `DepartmentPositionID` bigint(20) NOT NULL AUTO_INCREMENT,
  `DepartmentID` bigint(20) DEFAULT NULL,
  `PositionID` bigint(20) DEFAULT NULL,
  PRIMARY KEY (`DepartmentPositionID`),
  KEY `FK_21b79627083c4a49aac8bf0b786` (`DepartmentID`),
  KEY `FK_de4adff0160340acb63424a6d31` (`PositionID`),
  CONSTRAINT `FK_21b79627083c4a49aac8bf0b786` FOREIGN KEY (`DepartmentID`) REFERENCES `department` (`DepartmentID`),
  CONSTRAINT `FK_de4adff0160340acb63424a6d31` FOREIGN KEY (`PositionID`) REFERENCES `position` (`PositionID`)
) ENGINE=InnoDB DEFAULT CHARSET=utf8;
/*!40101 SET character_set_client = @saved_cs_client */;

--
-- Dumping data for table `departmentposition`
--

LOCK TABLES `departmentposition` WRITE;
/*!40000 ALTER TABLE `departmentposition` DISABLE KEYS */;
/*!40000 ALTER TABLE `departmentposition` ENABLE KEYS */;
UNLOCK TABLES;

--
-- Table structure for table `employee`
--

DROP TABLE IF EXISTS `employee`;
/*!40101 SET @saved_cs_client     = @@character_set_client */;
/*!40101 SET character_set_client = utf8 */;
CREATE TABLE `employee` (
  `EmployeeID` bigint(20) NOT NULL AUTO_INCREMENT,
  `Address` varchar(255) DEFAULT NULL,
  `Birth` date DEFAULT NULL,
  `Code` varchar(255) DEFAULT NULL,
  `created` date DEFAULT NULL,
  `createdBy` bigint(20) DEFAULT NULL,
  `modified` date DEFAULT NULL,
  `modifiedBy` bigint(20) DEFAULT NULL,
  `Name` varchar(255) DEFAULT NULL,
  `value` varchar(255) DEFAULT NULL,
  PRIMARY KEY (`EmployeeID`)
) ENGINE=InnoDB DEFAULT CHARSET=utf8;
/*!40101 SET character_set_client = @saved_cs_client */;

--
-- Dumping data for table `employee`
--

LOCK TABLES `employee` WRITE;
/*!40000 ALTER TABLE `employee` DISABLE KEYS */;
/*!40000 ALTER TABLE `employee` ENABLE KEYS */;
UNLOCK TABLES;

--
-- Table structure for table `employee_departmentposition`
--

DROP TABLE IF EXISTS `employee_departmentposition`;
/*!40101 SET @saved_cs_client     = @@character_set_client */;
/*!40101 SET character_set_client = utf8 */;
CREATE TABLE `employee_departmentposition` (
  `EmployeeID` bigint(20) NOT NULL,
  `DepartmentPositionID` bigint(20) NOT NULL,
  PRIMARY KEY (`EmployeeID`,`DepartmentPositionID`),
  KEY `FK_2d437efca5ad45d8b00127ab603` (`DepartmentPositionID`),
  KEY `FK_4c5073d2bec844ea89b15be6761` (`EmployeeID`),
  CONSTRAINT `FK_2d437efca5ad45d8b00127ab603` FOREIGN KEY (`DepartmentPositionID`) REFERENCES `departmentposition` (`DepartmentPositionID`),
  CONSTRAINT `FK_4c5073d2bec844ea89b15be6761` FOREIGN KEY (`EmployeeID`) REFERENCES `employee` (`EmployeeID`)
) ENGINE=InnoDB DEFAULT CHARSET=utf8;
/*!40101 SET character_set_client = @saved_cs_client */;

--
-- Dumping data for table `employee_departmentposition`
--

LOCK TABLES `employee_departmentposition` WRITE;
/*!40000 ALTER TABLE `employee_departmentposition` DISABLE KEYS */;
/*!40000 ALTER TABLE `employee_departmentposition` ENABLE KEYS */;
UNLOCK TABLES;

--
-- Table structure for table `enterprise`
--

DROP TABLE IF EXISTS `enterprise`;
/*!40101 SET @saved_cs_client     = @@character_set_client */;
/*!40101 SET character_set_client = utf8 */;
CREATE TABLE `enterprise` (
  `EnterpriseID` bigint(20) NOT NULL AUTO_INCREMENT,
  `ActiveDate` date NOT NULL,
  `Code` varchar(255) NOT NULL,
  `Content` longblob,
  `ExpireDate` date DEFAULT NULL,
  `Image` varchar(255) DEFAULT NULL,
  `Name` varchar(255) NOT NULL,
  `Slogan` varchar(255) DEFAULT NULL,
  `ParentID` bigint(20) DEFAULT NULL,
  PRIMARY KEY (`EnterpriseID`),
  KEY `FK_ee3c2101c64942a596d2409e6aa` (`ParentID`),
  CONSTRAINT `FK_ee3c2101c64942a596d2409e6aa` FOREIGN KEY (`ParentID`) REFERENCES `enterprise` (`EnterpriseID`)
) ENGINE=InnoDB AUTO_INCREMENT=6 DEFAULT CHARSET=utf8;
/*!40101 SET character_set_client = @saved_cs_client */;

--
-- Dumping data for table `enterprise`
--

LOCK TABLES `enterprise` WRITE;
/*!40000 ALTER TABLE `enterprise` DISABLE KEYS */;
INSERT INTO `enterprise` VALUES (3,'2014-04-08','VTT','\0sr\0\"javax.sql.rowset.serial.SerialBlobkQ\0J\0lenJ\0origLenL\0blobt\0Ljava/sql/Blob;[\0buft\0[Bxp\0\0\0\0\0\0\0\0\0\0\0\0pur\0[BT\0\0xp\0\0\0JFIF\0\0\0\0\0\0\0\0	\Z((!\Z%!2!%)1...383,7(-/+\n\n\n\r2% %5,,2742,-,/,,,,,,,,0/,,,,,,,,,,,,,,,,,,,,,,,,,,,,,\0\0\0\0\0\0\0\0\0\0\0\0\0\0\0\0\0\0G\0	\0\0\0\0Q!1q2Aa\"R3BTbr#CSU4s$c\0\Z\0\0\0\0\0\0\0\0\0\0\0\0\04\0\0\0\0\0!1Q2ARaBq\"Sb3C\0\0\0?\0k,7 \0w `!܁d;0r@2C\0w `!܁d;0r@2C\0w `!܁d;0r@2C\0w `!܁d;0r@2%L\'s>(*rA	H$Ow3€|$          \0.Mh#]7Tq4=̹Svc=XiЉU.4u <1yMʬc\\~\0F|T[Wͬ*o\'\0UCi|\0#ʬUo?;Z}7?*޵\'t;<\0TONQ,=)I:O9=oN+Ǳu/fx(LLuhnu$Ow3€|$        ޼QR>~k#ⵙ3k36W%;w|eKzҕ$yāɼ[5zӻQIPo- G\rB3:B֘eK⫝̸Uzvz|]9˪m}G)<yz\ngf8$kۛMr=S11S%owl&       ?Iϊ\nd]q\\vDӼehe1͙5\ZxyO9|X5®74xۻj*gghsAl6\'ɞ[Fme1^n:Ld}sV)Z%su%{loW\0\04\0	\0ߗJOѫmƝ?>Kre=#ފ&%,~8iN#2)qܥOw*ΣW|o׷	h#9Ujۃ\\r}4>75sM,=j-؎$Ow3€|$    \r\0Ēϙk2QPوkY8l~GΜI$I\'y$$g~/jV8wkfx<Ac(ۿ7osl֗?&`9\0n+j!cpwVd$nj&	e;nx+8޳$ir`/	\0CT09H^,hipUvxcRQZ    ?Iϊ\nd\Z	q\0rN\0IG&vka%4<uXyWIOq      .:^y?l㽐e=3{*t~ǖ?o\0\0\0PjVP2BtdgBFsov>Zw=ֳ8ۃG(耀D\'s>(*rAUM3%adk9dGZD7zA)qOv^{IoacyAH=$㷉ݰ<נq}k}Rv8wl>|5>ov;v>GTݷN;x#zA\'Nݏ8ure,!7iG\r]>(TQ\\                 ?Iϊ\ndXn0xk\\po.?ʄyla摸W>֧\rw,pvaSjgizxsW-8ֽeG6d`غI=MRm*:դ}*y\0O(h)())\\;wFv[]^\ZoK%\'b2Xq6\0zWfgyO\Zɚ]t96o\'GY)ѱ瞒/ξ}7xH\0J\0BvuS0^k\ZN;p.*Fu٢7S>i4${6Dle6v\Zuűe3\rîi;{*rb4ܱ^Hs\0q>P5N4OƚLdqq:6{ejnUӱnq4bq,\0`}sU}4̔]&{\Z8dr1VzYڴUo?KU~-\0?R\\F9p\\H#1N:_]fkF^\0JvtY\0/n颒9gַn\\8meR-jf}Y@|Ks_4x d|<1i#Mv*D\'s>(*rA&|h?\0vJY6/7]#h\'8atGEf8r<)3EoϤzNm%W4(-NdֱJ-9t\Z׫,ѱ^g+\0%߲>\'(RWjic<w;?&\0S[1\0YS\n8,,X(dFg|+\0UOۯ\"1Y4ŝG[M⪾1v+}׊K`mDJ\0/B!Yl<`/d=FFU7,\r\r\0\rcaȈm]ya=d4|ި;9`tR\0AcJf t#|;L\r>jL\\8{]\0jO\0jwSGCg1bkb}͊fzBԜtmoS룧YN56+2Df!IV;QwCk<o{f~\0M-a*j1^xkhUQ\\   ?Iϊ\nd\Z\nNGysKI\"紩KGIfɤÒwݢun⧁w[9đ\\nbbCoIjcFǨf	LxfPS<>\Z88<\nSUca;ּ-O,\0\'9d4~Ԍ$ɣÒV6\0F ?Rm9?g3I~m\rÅ4aFw8mwj6xjFJ+k;G)ۉ-s$	S}\rP0G\Z7Z,;}33=Z)J6m\rĐPd\0^x9.HSQ,4rOGFhi6Y̞$J3i8ڱ6\\M?Pta$a${\0;+;[΃O3y\'N.~|y\'N\'wOA~~|y\'N\'wOA~~|忢5Z5\"<x6.[%n-.,S#ʃ@D\'s>(*rA1J{q\"3]p@@@@@@@@@Ai/\"Ϯ-,\Z(|~wVzQ߳x/x;=v\07xwVz;o#<w>GsyYټ|o	߳xugf;/]\'~w<^U欙J\0=\0Y\Z[fq_S\\T\Zu_[D\';AV>jVҗzQpG&GUw::Z#󏾍*}8PsIaUWS<#|3T+K8~0S޼_{!NN\\?U\'N$7h#zp漌>L\ZjQVa:Mmz/}oY>__j\0->GnD\';AV>jC0J՛Nm=EWrWО<;\\Uui$C葋f]/:س7&O6tZ8O7~jT\'/gOTo.[Zkok=cߋIӻ4gZ>jK*cx>]zRsp`ZzCJ}bg~۪_\0e\0?z3侺ϭ; i\rls\\#nL,y5oӗՏGy9ěrxedݩލѳT;,\'3Vc|ak7S䞱Ϻ?z}qrꭓr@@@@A\"~c9 m-T%~wfcϤb.4Trnm{Xw]ytY)Ӝ=zv 8,G0VIijߜ1\\,\r\'G}#d^Lԧ.EKcRgm}~;u<: dm\rcCZ8\0,obCm;ؤD\'s>(*rA\rjf69!BZ7N-OVvAԚw|۟eՙ6k4zHo;7OvYb|+ɵnaq7TN4~Uѩ?&(eU8k?)Y)=&>oIË\\=G|6n&2WtcyWb?$fڋA;垕\'>8ho}cMc>\0mյ枱uV⎜թ5\Zb{|Mz:?5L\\{b1}صHf%ʰZ$Ow3€|$                               ?Iϊ\nd	k\Z\\\Zւ\\l\ZIɘPiuGK(N8[vYY8൸bˡU&ia_8\rQYUVYm\n茻!#L`6O\\;l.$                 ?Iϊ\ndnhߕRv#w;C7oRgu9Uu\Z%E]I;)x$Nkc@=YytZL{%ZUPYͱ6|g7u[Wh96oUDh*	bD=sv\0w]pDXj2Wi\0?\\zʊjj_#.~#\'\Z7u(dD{Zt[[$/cnG4{#d\r6\r\')5S͎<ELtC0	ߝbE6\r\nLvqɗ;wGkt_HHэw__eM&8-Mo8vϤC4c펩@g{&.+f]^}u78Iz߱DKy[Xvˋnb;oKphsk[#}Sk6R%Beaћ7#qw)F:ɪ8:x%i#3tM7`6?w*Xl˒ѩbyL}ZOWVK5T8%p}79Hߢ3]!^rd&y*UE1E 1X9(㈝Wk/||9\"yDrzW#fc\ZhDxnsë-XoWR61:JX@DH&I M75[͸\"ޱoR?Zj:F]sq.pNEXoY]UqgK}#5m}L͑%Q>]nJ+XkV%f9CU7$Ow3€|$      Ҕ-<6F%r+;Nd^Yz\'t,҈,c0pÇfଜ0OG㭢ffv{5\Z3<X\Z\\cH;G$߫KZ訩\"|xbcˋ[6z<Î7\0ChR,@g{I$UVvX\"ji]_	SL\rnpOWRo1d%y5t5[*\ZZ^\Zl$c$xP7zB9Š*w!@.; \\{v[CӊIj<H/67\0ߎu߇1\'CKZm1]re!+CX8c$&۸psS8/g}4SHxnhrEJ/t,{bsݴ~2]n6uݹru]O\\11eD/N-9أ%\"ϵN]N4v69awyP)goWnإ|̞xҶ7a[~oRʯ7߮9KKIKnq[v[~)U<qGK#Es{rW{qN:|QQUExD\'s>(*rA	H$Ow3€|$                               ?Iϊ\rL\rH<흚٠m٠m٠m٠m٠m٠m٠m٠m٠m٠m٠m٠m٠m٠m٠m	<',NULL,NULL,'Viettel Telecom','',NULL),(4,'2014-04-08','VTICT','\0sr\0\"javax.sql.rowset.serial.SerialBlobkQ\0J\0lenJ\0origLenL\0blobt\0Ljava/sql/Blob;[\0buft\0[Bxp\0\0\0\0\0\0S\0\0\0\0\0\0Spur\0[BT\0\0xp\0\0S\0JFIF\0\0\0\0\0\0\0\0	 \Z \Z( \"&%!1!1)+...+4:3-7(0.+\n\n\n+++++++++++++++++++++++++++++++++++++++++++++++++++\0\0\0\"\0\0\0\0\0\0\0\0\0\0\0\0\0\0\0L\0	\0\0\0\0\0!1A\"Qa#2q3BRr$4Sbs7Cc%58t\0\0\0\0\0\0\0\0\0\0\0\0\0\0\0\0\0\0\0\0\0\0\0\0\0\0\0\0\0\0\0\0\0\0\0\0\0?\0(M+`gH\0O$ULE%ݦ?h\'͒T?o&Kݏr	uT |VG~YΪ7-ږ9>= k<6*MLa<Zw2|JH=+\"/<^?u9VVC5?\0I)c#R4 8LuD hɗ\'Z\"Fpp(UxL56組ǑA5_fr&#l؃ػ퓚#h͆pO d])\rhMRI<EO.%qG@i3$<-Wg:sn<HtLMi7K:LִX5\0pd@DDD@DDD@DDWATpFs`E>ƍc<m\\QbbiUM1Mkw\'OE`ll%Sn9H Nktp 3m[g<GFϠ xH;\'\r6nO3ispkZ	s\0I\0^4cʜ7vI^v~ӆnAav3(NV{c>wj;DD@DDD@DDD@DDD@DDpt `NϺ7<?o}ᙶvUm_~|yjMn{tD@DDEPѺInCG!̞AI$\0:([R)ini\rc$F9m`0\0\0K\0&YyeF5N@DDD@DDD@DDD@DDD@DDDAԮ]\r#PA\059(MSihygiI\0Ӑs\\u`\Z|4E|^;@Ȱ{G2YmD^X#apG\";􀈈\niH@wY#!Y[whPqe:Xw1OPY\"\" \",\rd/!7A\ZR\Z?z̀0վ*yct;\Z24H*o&ΏOQ݇5XjŪ}Wp%!O	F\0r@DDCpy+͞G;eYa;ѭ[8=w\" \"\"ǵͅo>I;^%Ӌl1mT_]D7ǌ5E	%3|:Ȏ~mU6aBlaZwh\0 ~iډpi0|NY=à7HWC^GZEpWZI{_߀orYO;\'|ᙘ_V8yW$p7h&<7&P]w޺qF_⃛lo7BL!iG!ӑQ|>\nyK>xcdfwZp-${\0j˸vjg\r#P$6A8qK[\\ٲ嶹-b6֛m(&{HEwG[upqc4,;eus1Cqk&<\Z\n\r-VŎB˃㮖6nfxpK΁͚cb_?{zI)(cls2=G.p.SR~U)\0ۣK=}@}tgcM[06#imlB6V+C\0\0yߡZN	\r8de49׷ߨxhnO¥|_W\08d~жk\Z|(ݛoijYYJ)\\Ǵ9\"\n.۷4rDMߟsNP6رi0rql94y GiEu8m1qkxªnsAs{n|ǒ0?Fg7;j>ky DDvbya]VJ9:z=DU\" \"\"pMfU8rΨ,۹\"\rocb,ynBX/v+mت}[\'ar2ٚMk6lۤ^:~zEne\'+lnnK\" Ӷg`cgKs%Ѝt\"&36FZy]!pslK~5K){[~YVT\Z+6_\Zg<Ի3s^6ww`mAҊsFP>qDs1RI$qU\nY\rNe=3lꃧ5{OQM[!I%2Y6ó̽R.:jڈUR8\0#X	a;=<f#,\r0-!{\Z{ڷc~Gnop28c#Pw{LdڜͻG-	[,wsH\ZvH#٢cp\\RI1ǯ\\0/ȡslk3<۸dR%jIC3gmpppA2\"\"\" *Sh\'hcdWzA\0DDfW[_VJq/YZ@DDD@Z77#Rk$v_X/{r\Zv\rU>atNY*rАr5$ e$:ghֽuV5\\\rN6TjCĿ+5ÀpE7IVXF9F{CFP`xkwS 28%plwۊCp\"9_##@:ih$o?k\rPfdh=Z{~K\rspY=(k!o|#7%^%XMIEJC\0}[6 6_cÿ?]WiveiggQg8sX	5\0l3	t̔[NJݷa5-+k	\raAi`ے0vgmhG7lhakWHj.5Z\r-+w,&<%i_Poy祖ESCJcC<]?cR.r.F<So*U%\rGlA,aօsmb5bYпlWTN3%]F	$j(}MH#},i>s.w\r]F!kC\\X	颃K=4f {iY3e(mLN9^^\Zuq77㻷	FZ8_/Ѓ>_M\0BHb\'fHZz_;s}\0UyيnԤGxc$yO\nັ0k/ܖ+np{aA_JCvF6J-g뻰ZhM\\Z\Z҈\nm|^	V*hHa\" 𶉖\ZI>,{GYUߢc?uY\"\"\" .MK:~3.H\0A-UQ\r~Ufl%=k\\]ʫk7Lqdr=:huݒ[MZJhU>Ǎ׉#u-q#CtlSu=9Q@nes`	WcDxk8L58ͺz3YvwÈK`ۡ6p:Awk~9vj+[<[\\fXt\r\r-)6X7&*ea;;0M.mQ?ٍX0fdɤyu\rD`ؐc^\\le9sh\0ȃlf6:Yqkј@aRPn~B>(\"vөѻ)sNBmcvnȈ4Mv{ajd9\ZHm\\mNǱNa3&%a5D\rgg>ⱶZ.m̓s\'Gs~0IK85k䵳\0uRny+j^\\P֟lL V<EtFYd}sOGH+yH,Q\nQ]C$Rkman\Z`A%y)<mVagm#{7̒\" \"\"\" \"\"\" \"\"\" \"\"\" \"\"\" \"\"\nmIMǾU~9O7qh=^\" (8+iA2$v#)66is	TAA#YMj5ݧs&=;˶3 V\n-Xh=\0Gz򽵰sFjÏΕ):lfk4~H(hdWnq7sĸ!\ZfS::vX#Pz5\nTLi`\\@V^Ŵ$\0DhElB+sF͎$:^gqLYͧt:9VV:Yi]yegMbε&m\\DG8]0/kFVٺ4:q`/ܒM˜NI$I%g@DDD@DDDAi$o}=ZnUpC~(\'2s6qX+)]NYTwn#PA\0\rA\ZΊ6/+s\0״ћw+*ZUJE㻧2\"\" \"\"\" \"\"\" \"]_`:6h.qִ8\0\'E.+]aޑ\0s}A-$\\zb\rKdеO|##R6RI$N\'RORVH!m<!45\05\0\0\04\0w/h\nN\'2S9Hy;vH-~ 9\nD?1q\Z?I/4}e|uvSg\0uig7ORTJ6*U\\׎|A-`d@\0Ѳ#|˭)\0,^3\04UΤ\\PX8?GO9x&H${$y EYz*xhC.gp= [EBȸcAsll(jߠ`jK:CՍ\\j	q#:(XEm`&+@6|TRH^.y&땠6DD@DDD@DDD@DDD@DDD@DDD@DDD@DDD@DDD@DDDA',NULL,NULL,'Viettel ICT','',3),(5,'2014-04-08','VTN','\0sr\0\"javax.sql.rowset.serial.SerialBlobkQ\0J\0lenJ\0origLenL\0blobt\0Ljava/sql/Blob;[\0buft\0[Bxp\0\0\0\0\0\0[\0\0\0\0\0\0[pur\0[BT\0\0xp\0\0[PNG\r\n\Z\n\0\0\0\rIHDR\0\0 \0\0`\0\0\0Z\0\0\0sBITO\0\0\0tEXtSoftware\0gnome-screenshot>\0\0 \0IDATxwxU3}{/$$zwP*E?\nbE\n4iҤw!ҳMR!H><<ɔ{&gncם?q\0\0\0V=qPѡ\"Cw\0\0\rTU}QT>\0\0\0\0\0\0\0\0`\0\0\0\0\0\0Xl\0\0\0\0\0\0\0+>\0\0\0\00ex{y۱DaHoX%\rk*uDEӊ2ՆBq\0\0P[H\0\0P>6\Z9Nk\Z\"+`Z(G4rl*\'\"Ǘ9\"j&]Ui&䭹5>\0\0\0,\0\0I4aI\'VβŌ\"#l[\"!:[9)w\r	r\"婃*#\n\0\0RH\0\08#~,JkܛR_qe:P\0;sJu\ZL/ۃCC]ܑ*\nR_۬cEuTV\"xjt&XF1\0L$،(p<բ\"1W,2IvF:d\0\0\0!OWR(EeIuKN)>:6^\'ns|D.F%f{eBVc\"$cOCz=Y\\!\r: FqZ1*\0\0hj`lNY;<o;CTqPmtgNuP02\0\06	t\nGe8\"wd~\n(1RuT_##O=.FjR5=QExDƪO1ޥWau?\nx욈lO\0\04 ~&ݔwQ3\nKओwrtKࡶRx\0\0\0`MM]<l(H?dy\"1X\"s@\\Ⱦ{>D,36ȱbռ5N7Xm=mD촦ӛ6uK4u	5s\r\Zh\'~g]%O4\0\0O{&BN-~T2	-x0b3.Y>>\0\0\0F9\nYx:QTi;c#vf\\¯K.akHł\\y	$1L9>@P3\ZK&hΥsuF\"zDj\\ƦhgK,=lv	F_\0<jL\'!CDcbN\nyt\"\0\0\0H3G)Cv&W{*SFT5!ł {#	w7y5[g*mInF\re=q%~x!֛g\Zo3}~U!rZ=03WP\"`M)ΦKkt\\\0gCU-kXͿS\0\0\0Xѵ\ZV:]>6-\\\rŃUٖ_I%2pxsR`~}\\>4vXڸʍ<5F+Be5ˮ+6	4/\r\0\0׿vtq?*~EJKJ6GԨ\0\0\00	jd\'<㋙MbCD7ςf]9Zcwd}(E}`Ў.2\"z*;X)uւmM~jd?;cV\Z+6rʈ\Z\r5\0Ҭ`;<yzĶZ)WPSݥeVT\"ˤ%j͸$Wg\0_/ɤh9HDv6ԴL\\&m蛥VQx%2թ$.N2i˦.NDONSުic?ϒY\0\0`)zx;ZRk\"cODEz.HgHlElZ,e-hEDm]r\'7u57q]7u#!VEu4Z9.Ro}Vu&}iDt0𵓩%:yh&H\0\01ps5	$,W J1<U(^\'Xb!0R8@{Ath|d)Tq/	r٥k7/^ٻk/FIBn╛:ا[E_ss^w!s>m?kyӳ,m׵}XWQ͏=|loDL<KRdRk//(Zam{&\0\0\0uXFm<,32kzSMGv&\'}Fwz1r||,T&#Y)EYӤ.&Wk\nb7po\\OH*`s&5$\0\0ԥMM{ldԥE%WNQn7qW`H@ęks<ϻH]1_+b图$םIWWnor_/y{{{NRt;=+8wsf?\'\"{;hoxԅkUwuo!Dbٺ\Z9o-Y\":͙[7\\6o&:;:1ߞB\0\0I/J(ԇ:H8JxBFYǞB1rьyYKk&/q{@\Z#2JY7Ѻ\"ӎQv.TJ#LVbz`U?~2͝_\\b&}k^k<S%F> \0\0\n{{iq\"9t`YW86atz0Vdg#\ZWO?\0Zm{:}I[+~U5E\'t\Z3j\\#;\'w΃DD<o&msؼ+%=+%=f\\ıCF5;`3uc6_KbwW\'PXPX_h>|㈈y\"bY+7`4˰Uw\"7g\'D_WPX~WZST6\Z9I/\nO_+Ulqz/>Yg/^ON$\"r<0dVf+s}^dR:\0\0\Z*MD2=<,RQd0=X|m+5uQRT3rru޴2t0wIXVGBaYuaĖβ#B>jt5qQ;7/g9瀠\0\0XL9pzFNހN--:r-b˿i/qxy\ZK󴹗Ilrר>j[ovv~gݔ5ƊOH\\꺴kժY7˶z%j\ry:O9@$d)U=:o{|9oDM5n$S3/\\>vRjFg.w\'nxˤ9{\r\nh$U`\"8v*@(`R9m4׽c6-S2\\9plFV_,rh,=N=:=}1r寑aעw8#F-\r/*VkN9WFnE#o{rԭ%x{\r)eONr^f\0ȄcJYv^}VF4Z(tr-^BDzS릕xsB8s}VO:z}Xx)Vo =s89X?1pϮdm+]dN+w\"ڛRXCV`9pS9.#f}U\0\0\rD14O~/r-\n˰7s)/tm\"uۓCXnqSu}u2F]	/0L>07yڟSk-p(:O[6ˮވUkDdc#!Fަe,ϿE||UnWSA<4.NFk҈څ5i//^y IѨA=H$ΐhHnK?zCӝ<wUS[]t\'y9Z&Ύ;Mͨ.`΃F-Mڷn48{OZXάI=:x{Ihm\'L?bSD\"ሁ=_9uj;\0\0X!Εwacy)+-7xZI,ftb؈VDт^s%x.w mx$( Zه8k2}}m1Nu;9\0\0X0?W,8Fs&ŇRԾJ{U1EHoQ=|\\˹2L\'ψ\\JmT;J}>\\$x#g#fomU^6#حD\"p-١A\nU^YϟcA݋^1={9\\:q!qIlIS3sT{;m֧e*661729~ÉsWv	Ӟu;5s߉R/n;[9TWuzP(\\v\\6kώ\nk2ވ%\"@ћ^;thnmoGس?qsvN.uo͙U\0\0O\Z{`YWWrȏ	raʲkƸ51o]RMu]Qk[:P<H_6Yޤݥ\Zhu?]8IqX47xD7\0\0\rJ^_^OHvuj\\6LrfSM738erp\r^k4soPgjTFPKg85+k;9JrZfaqIޞnztlլ-y>-SAD&3YӞԔey*UFt9/w%^~ka7YaqI͸춭?s,#\'\'_5o)(,^zќ`3{fYF\"8zhI%1jV$&M;\\ktm4wl3#Ih4٧8%ʊp5zޚ޲i0l\0\0J2+Z!^p)sYB0K#\\d.R!CV/Щ`bJE*&1XUߣf\\6\'K#:p/fL.5vN./t6Sm𒋈V*;%S(f_\0G`W2֤#vC_AN>}}md y]e#\'/\ZkGwf\'!}9u<\0<aLwdŢAr&n62y#s6rlm\Z$D\"\"	UX\":ȁhp.=:1_)O\\fogdbaYR{/ܙqBLw\'\'cHoC\Z4+(,zcڳrYi4GDAGO]hT)\0\04\\Ͻ3|U7Mx)G-3r^򡩍ܸC+@*d~ydy-|5D4,3$iʱ[.M9vۊ!\0@CQ9KD]wN.ԔV3Czu:O#H\n]ebd)MY=m|sK\n\Zk/(:{)jԠ^-Bw8`o$8[JUǗbH&8ĕ8dJl첕U\'vuv˒27%,k_TenbzA(DտHD\"0[[}DaevTBDB\Zzy0dR2s2v\0\0\0Ns,\\Ui\"vƜ\Z;=T6{D?`b+din\"ڗZ[T/o[Arl;QS7?\0\0<;呕?B&`YѵKҎvcjVdWWKzt̹,dy\"y~Lȳ_]\\h/v(:\ZQnEJئE?)U>a9.-@h**.Qr,qzu/b]TgG6	x鍅̦T,/V7h:sN˲PdXMDe̕xK$LgC\Z+E0[޺fmatz@&$#\0\0X]>Z~ @sW_\"l_!:gkb^TChj3](P7`5UNm֕5nK/\0\0d\'v3ne`Z	ᶭ8BFX=oaו	<,1X=+s#3<U~\nq\"2jNĔțqswujլctlbi:$.^.]wtwML!\"s[Ɔfݖ=Uwk֪YceSÚ\\S~n@0~D;[DòL.7\nJ8~rfvNvsʤϚYZ/~\'&VϲLzJTL<\\0zӎ{%\0\0x(\ZgOD\\z}ˮnk[=`Ksĥ%[~Sl@w-\0\0\'QuUIq-,Zrò1[^MKK2OKޕR$a%DĲ}sZCMnhڑ\rSt-ǤR3D\"aX6-Co%\'\0ϓ953O|ݿ`]\Z*7Py`^A<zl5ia4\Z-C̞C\'Xź89=š5L1ϕؙ0g=:ܻkvNk<2fC57-2oDWÞ3x1n(\0\0\0hyk2J[Q/k3Os9o+\"UHnl7~uk\0\0&\"t{`_kڂm00qJEvݿwyx9CRa֨0\Zc*Qeٚ2r@=]?zM\\Rj慻P 	srwvOHN[~]?|cL~^\"j8pֽs2Ya8vVvj2SWPHDqc3eM/]0ygK<-\nWJDA>pt[v894iho$( )%]o0ٮUgNrwu^eB\'=hcl|ODΎb(EP h,=KM&SW7yyeRZt/>\'q\'_KfM\0M.dk3ѷMXE/1\Z~ۇJ\r\0\0ꈹҶk3+|PMT}08DXAŉH}S{5}szÄW=WnI-\"\n]{6.B0vD,1eЯ{}htE+{̭B`δgޜ\\zd>zͶ݇&\\&]Q<]L&݈Iyg;3[zV.[n/[v;9}^]ۉE\"HTTI|&كt}wKⓕ<\\֮UϿu!}n\\\"QAaQn~=ϵ:F/<=y%ʤ 7b.n[-\0\0PM8vZy;ѡ~cwըuuo\0\0h\\쥪%.ԥMM~;pftvFV\\ժ&fIXWc%8`KcΒ1f~]ۇe)UFW\Zmok6P (*Q\rtsڲipO&AQ~/gG!^:!)%Zt\\VA>۩g>k\Z޶UXtfBBrZ|rZˤC4\Zhˤ&PH(jЭcG~A3Rߌ/LަeWGF7X$LTtZ՗h4bVGDvM4\nVrco&ef\"^	l\0C%ԻR}\rl]W5\0\0	v=7㝫I@|i\0\0 \0IDATHW0&ҺU3`!\0O2:gŭE3z\\lS\0\0ܣHvt ۘj>&S/\"\0\0#sqˋb<6B6Y:S]\0T߂MDȐz>DVgNwVzsm2\ZdY\"`~qiL*`Ys7u8:ɤh	XF.z}5Ђ\r\0\0\0\0\01`?5\r7iYYk?|朇k*(?\0Z\\SvMD]&EEvnLWX\\b\0\0\0\0\0RȪOym&%zA Sui\0\0\0\0\0\0WqC}޺fҖ*I|c3ItN(g^c<\0\0\0\0\0\0\0ʄ朧Q/TDnZ@D\\Ȕ#\'ٙ2S!\0\0\0\0\0\'0\Zlk\0\0\0\0\0\0;\0\0\0\0\0\0\0$\0\0\0\0\0\0\0V\0\0\0\0\0\0\n`\0\0\0\0\0\0Xl\0\0\0\0\0\0\0+@\r\0\0\0\0\0\0`H\0\0\0\0\0\0\0	6\0\0\0\0\0\0 \0\0\0\0\0\0\0{\0\0\0\0\0[l\0\0\0\0\0\0\0+@\r\0\0\0\0\0\0`H\0\0\0\0\0\0\0	6\0\0\0\0\0\0 \0\0\0\0\0\0$\0\0\0\0\0\0\0V\0\0\0\0\0\0\n`\0\0\0\0\0\0Xl\0\0\0\0\0\0\0+@\r\0\0\0\0\0\0`H\0\0\0\0\0\0\0	6\0\0\0\0\0\0-=eIㇵiلuޫ7b\"2\0\0\0\0\0\0\nT<3r[Y)o]:\r&\0\0\0\0\0]upn욈yg֤a\"\0\0\0\0\0\0@CbAv^R<\0\0\0\0\0\0\0\rRmlGCjf\0\0\0\0\0\0\0\ZZ\'v>>\0\0\0\0\0\0\06+(A\Zgۗ?0z}c\\+*peۂ}a-|gnMw\0\0\0\0\0Zm*(,NIvBP=L,:obr\'Nu|P\0\0\0\0\0\0GłvִkߑL~3!2:쩣,+f=\\\0\0\0\0\0\0\0Jm[M;\'&U>h2ٸÚArl2gQ{SyAoO߆%m僟.rO]n/#}N9XOӻ$%wȼS+&dEm^KF\"SI{-iS.Yj[mB^߫`S\"gTg:莣yЯ\0\0\0\0\0\0,SҳonJJI^HDDrj\"dZ0-Y=ɡ#)$	W5qٓDD\"ƹ_X?͛|\"6uo,f(\"ߔOfOI^`ɤs\ZբͥTS\'riZYЫ^X86n/,\0\0\0\0\0\0ĲpO[2kƳ,CDǯ^m߭gH 2	w`돛in8r\\HQf̻u31.cIF4G[񲆧~:jF|>ʏk?o\"_ھG:gwe>OxwDȢDm\'pMZCJQڲ%~+\0\0\0\0\0\0A,y:!e\'EXti\ZޘsuV7\ro$*ڔ25&\\qk&VFdPEy\"\"FI\rӷLMy60D#:wIugsnt&̅j+5}THK}12tcέ6uq;\0\0\0\0\0:u=gŶB$n_hHOBҥ9vzm+		lKgǻ_9ٓw9L|gqEߖNwl\\m}\\ED<񵨁be>S*%\"2%\\<g0sS-\0\0\0\0\'ʭ1Eqrb%Y#QݙnnS+je{umTeԠ^F/_\"uF 3R߱϶Ǟ>xwӦ;Kz\\ع#Knݾ~ҧܻ5s(][`Q};9.&]fО>+-ŗ&U|5$Ԧ4Ogm}=0ukW._r5Vk\0\0\0\0-\n\'2_qCx/?\ZΧu/5[|\"IHD}#:Ԍy<ya0rVM-SÇ{&{h_?%jcB,)_67>zzRv3dç<\\`\Z+7JTxwkמ}N~s&U,8o%۳9x&ϐR{:,q\0\0\0\0)<Ye58$؃zwwM}u0\'N}l2#@?M/W;4/?W}|d)m۩/DSaԑ]~[!W>qzQD%Yv^r4sC?GGbȉٺdQO02ŽlIrЛ\Z*]WLmְsE!?^^9<~|L!\"߱A%\\aԞ]G\0\0ܨg}xi?ˤL5-zO\r۴篈h_Lԑ-C\rc1ӓS3APK	gw?1]¯ؒ!{u͢>7]Imldǰ%^	:\0\0\0@MGbcꚮDi8^ZE5 j=wYvMD6rYv\\e5D1C|zuKmʳyceD2\'π\"l&60)-[# tcd\r=Oa/;mDGE%M^Zj\0ߘ?ҷϦIyxg6ȚO_4~b,ws7K8GpXĠ5L \"5\\8cg\'fiXYT<drLEg;al<[tӿ{s\ZԳˢpGWKZuӯSRᖄgL߳dCи\\5H|jgY~Zeu{ð;^#u\r#\0\0\0*m\Z~ABCWYiK.m&}w%\"85*6N]qkgZ6-o9}U{Z﬩8-Q7?|T|=6#a^YZ{\'ܖ\ZSM^K%YFFũ[7qQW{%&1DFiړ4%VŞDCٖ\\ϜEWvCo7dv_Go\rk\\jeQu:.[ݦ˧lѐ^.\n㴙7o)H]\\1dF|CK_c*TݧFs,XzW\'9\0\0\02Y+fʿammgvcY\0\Za^9tEQş\\ ^xdco~{l5NܹtǠk$Ѝ|7\'xwoh^J*gsY|(&]r2٘<:<7ZߔW8ODdۨ}^r\"⹘\\R\"eau|IOog*ħuTurژ⹲\'7Y(>\\~zS#EOIRS~?\0\0\0\05ĵYYThU|.ywft\\RVM 0x|zizȝMwo.80D{:M)]=߷Cp~1³23Q7\'k?.Ў/6o[1]_|uͲC9Ddy7^ߜWXo\'Zju+W\'\"n| yAy۷;|5ܳ\\zyYX.v>zYiq^gl_slWKqOL^e*:OmX:\0\0\0`0]Pv\'~3ͫsO]D\ZhjzVՍ=0֯Jp\"JJʹJpPݺM{s.[.q=̞[*\'Uܽy8\"\"ЖeMBlHw+(]:B\"?;513\"\"J9zVqoj\"rʲk\"u{탉Dܼ;QWyYT_p=D$9އ`v𨑣*3vP3;AG\\v\'\"*ƺ\0\0\0P2\\?DjbF\nHjyF>]ڵjE\"3rcmֈ\r	Fگ́c%|Tm?8]J\"r2G?voQUԦsu,\Z!޹+^s_>\"\'?G*8/_ӽ!\"Y)?XBRw׊?^sGDnGУny_Ur/O&\"1y\'\r^qTƤF]l:Mk:\"1SԄ>睮%@1OTj/Z!C\0\0究-<Qa&.<&|:hZ+&4n\Z=v^	VG\n_\"`W:VB,\'s;&yDЩo}\0i<W\n;&\r9|iتiMkKD/>lR֪;Ч3}u^c뻾5k֦M.VE`̉4?̳`־I~xkR7웵rokE72(fJyYRQ%\"Q\0^^qNQʈتODڟFD-l\0\0\0}.OD|#75|]<rA#B2VMi=\rq-\"<:~݇~^ugdҷ^C6}gm`_Yxb[{D+acE6[)\nȮc`I\Zw+{9UGH\'|}?+>z\nTeqM_<}-16̱\\}KZ\"\"ܒ)\rNcL\"w@bCDī4ٲT_?/3sJNkqyywUrD?qʭqD1axy^w,Tx3JoR+oFU\0\0\'jaM8!wNyԯBos	Qz`Pm`DNy$Ф_j_y85:~7v\'Oo^Y^{6@)Π_b\"b\no\\tz^a-c6if7\"JC:\Z=dKco, \"N7oS1ɵF(KtՄir\neN~u;g6b\"\"C9CByվ:Qowɮxܣ\0\0\05K.TX!>H(l]R!.l+fb*I$ĭZ9Gr>A1ϸD$݃VտyVju<`jL!\"vw]o=w{u\rCi/j\\\ZHvyꛟ_\r)gLԟSfƱGRuBψQ\Zw\Zظ	DFUV*=/\\VK:;)I2ԊO4{Y$mVȵ+M!ULb!פʴڴl\"\"@O)Sۋ?/9:.56V.$x>jS{~SٵnoogM{vw.\"V$w֭;\0\0\0O`o2=X8eM+K8mU~c-]RN8cӲI`j܈M+mvq\ZQ|1]\"[-4$8\rl?uD_peE]MG9<ҳډ}g={ʺmXQԨ<y5y{t+ti>Z@%ij>\\X&m=).U[W[kTDB(EI{gS1{a[vϟEձ-Sl\n?p):^ENݦ:7pʬ{MrVq.\0\0\0\n,]zI-w||w|LCŮbuJigt6վ18eqogj0rW*&d塋8_|m}D$ڑ!.f$\"+w??;LD߬\Z\'=Γt\ZS%nGDgdq\Zx]VHhkonR%{\n \"Jm2+KD߻G]zāF%t{\Z:\"r?[,Nw|[emrõ/OkAx\0\0\0\0ۧsD\"8UA-JiJCҐH1<8McSa^DV$LW*,\nKLS4K3{efa<xMB6Tqgeޤɽ}Nq9DȽ-vF{]I)d_40ꁳGw}vVY#Fn Ԫr45!~f\r^ϯ\Z5zx2}V?_%\"/375xW]\Z>w;)\"r;&R.p:ֵ3O[yEi<5]x1\\\ZY*|oiga5\0\0\0Ԇ-wൺm4$\'iE\nܧh2XQMsrx2&Mg8n҄2Ee+g3N^[b\'^7XR	6TQݬˮ}\\LGDٿo@BзY~HӓDT-.|kN,>vs>ݷ+~>a͎pb,ƶ%oD.uϵ{0dǯwȵt_v=?E)_.ӥ/fvrd~^V\'\ZҒE~RR˝.U.\\~ۮ8$\0\0\0P+M~җyy^߶!;Nd\'%.zg{5Fem~@3}yL0P{%-l^-$pObGfz?ܼ4t}qDD~VDlސNYG%=3=s)-.~{yiʍס7\ZHܪK>YM{^h 87je觇*<[Y6tۻyǡ3QIz\"oFL߼Zy},]?sRLc.=\ZۋuҼ\0\0\0\0j߂ӭ,Ⱥ#ehlR͙\\|S|3\"N&MuA;s	gw \0\0\0\0\0/]wWX1#;Y-\0\0fRݼRH\Z<A\0\0\0i(B781$\0\0fʿ\n\"v4l\0\0\0TCI\\Jl\0\0\0\0\0:d^qGq\r%	6\0\0\0\04\\\reY!\0\0\0\0\0C,X583$\0\0\0\0\0\0u781$\0\0\0\0\0\0uAR3qr?kvwX	6\0\0\0\0\0@;5#Uy;ZF~,;)\n5@H\0\0\0\0\0P={>(Q`w\0\0\0\0\0\0\0\0H\0\0\0\0\0\0\0	6\0\0\0\0\0\0 \0\0\0\0\0\0$\0\0\0\0\0\0\0V\0\0\0\0\0\0\n`\0\0\0\0\0\0Xe\0\0 \0IDATl\0\0\0\0\0\0\0+@\r\0\0\0\0\0\0`,f$A<Y\0\0\0\0\0\0HlP0WUͿ}~UA.ˮ_?|bCC~2_X`|R\0\0\0\0\0\0\0=+|Pխ,x:;vo1W爎}+8gfɻ3\'R~?sJBPY$gi\'kIݏ;\0\0\0\0\0lXxύf_S^~)Gnu荏>TtgL6~٦*<iaż\n`\0\0\0\0\0Ե껈7ɭ˜KϏַlK%JU/kԉ!r{yV l\0\0\0\0\0\0jL^o%~\r+UFP;rzGn$<SzY$B\"\r>Yy3bk}Ӕk\0\0\0\0\0\0j>q/W{+g.]OTT:&:6):6i};m)|`3[g/H7mVI;KR/_~w?6ERt{^yaR+b3gyHyt<s{ZF\"\"YĢ\0\0\0\0\0\'}fx-Z\";ۺ989HgGwW\'G{[D|1U$\"\"I>~5qvfqa$Sx=pޢ^=6\\VDYЫ^X86n[-:?pu\0\0\0\0\0\0DOՇsqFt4j*)9uqǾGN]yzui7fh>mmV-޴vskm)߻)<i:p{W>*G~Nm6pkwwRҖ-Ww\0\0\0\0\0^	v;1Ͳ\nF=zHoɴ虁:]WҾunZp͚\ZTizߜȱ\"JnWKnG*e^싑9NgUu\0\0\0\0\0\0P xcڳ5R.acFVNM̙Lw58D\"\\D&$Xa-*%01e\"ay\"3N9V\0\0\0\0\0\0O\ZlOwsj}}<\\k0) \rȂ[x3s\rMڙdVNMtkHM鵰B\"\"N#\\̗kS\0\0\0\0\0\0<jL2O^@Kj`4]y}֢5<o0\Z\Z3geP㧿Uw+5	ju\\y*p3[C|[vqcm]e@=d<+z1=g{G\0|f{M/$$!$@轗ЫDXA@DAEPҥPJB\'gM4??>,3sΜ;3s\'\0\0\0\0\0\0J9rr:\'WU˽c릝6k>7Z.Nɩi31|퇑\nZ-K\\^I}2z&cɯSJ9MĩEK0m-{}z&u_}ƺotN=ǍH=&,\\e:.Ѥo\0\0\0\0\0\0^J[~|oW\'GQa/^}^_ᄑo}UFMkߧ_]VުyR\0QݘLHƶo=OŽU\0\0\0\0\0{TjP3WgNhTjZW3X,\n|q~L#H?}?vrW͵7rV[N=09n%Ue4W%RU\0\0\0\0\0{rR8O_3y_Ro[JlN=VkuifKJU	gEU\0\0\0\0\0\0PN19rAictY,W/{;jP[$So0}(rb!Ww?*ǿ\0\0\0\0\0RqMtmߧ{{X$D돞tԅggV|\0\0\0\0\0\0\0K6r)i)i\"v8ID-\ZԦYJfӞ!oT|\0\0\0\0\0\0\0Z飈 \0\0\0\0\0j=ؕ7 \0\0\0\0\0\06\0\0\0\0\0\0H9:䃝2fޭ߃\r\0\0\0\0\0\0P{щ+	|}A1;OFEgp\0\0\0\0\0\0jpjfjf.^ݧw&\"=t>ҢB\r\0\0\0\0\0\05Pv8s&pΖ\r*-*\0\0\0\0\0\0Py~Rc:cDC5rqTZTxLK\0\0\0\0c]s;\"6Z(`tz9V0Sl<\0\0\0\0\0\0/&4.7.Z]/ҼB\0\0\0\0\0\ZlMklS9I+?\0\0\0\0\0\0P}is7l\0\0\0\0\0\0x|1:nr\';qUŀ\0\0\0\0\0\0^6\0\\\"\0\0\0\0\0\0`(\0\0\0\0\0\0\06\0\0\0\0\0\0\0\0\0\0\0\0\0\0\0\0\0\0\0V\0\0\0\0\0\0\nP`\0\0\0\0\0\0X\nl\0\0\0\0\0\0\0+Tu\0\0\0\0\0\0\0\0:ҡ\0\0\0\0\0jYQ!X\0\0\0\0\0\0X\nl\0\0\0\0\0\0\0+@\r\0\0\0\0\0\0`t:Vk08XzxBP,3Sձ\0\0\0\0\0T_(HVk4)e5\Z^娱\0\0\0\0L)[6f؀rv$uxdtńAi4\Z\Zuvv^ꈠ\ZJH,6*J&geet\r	B\0\0\0\0#ƭy?g>sɤb5ZV߾ڱ8h\\^jrp]<YkkgGD顡nnnRJl**>>>  \0\0\0AΆl:7O2D6A T<@D)..@⚖ZlN{٪k\"J/I{\0\0\0\0EՔYbǵod1ޞD4oWo=`bG5t\"cH$iڪ\0\0\0\0(D;LLIKJMs̫{MDbѯVPӦwvp&N\0\0\0\0\0\0PvZ_Mnu?}ED]ڵzl!Hs@	̘;]\'\"͟bH	^%YW\rtr\Z[⊞N\'4::$.Zr+\0\0\0\0\02)R.suv$\"^Ɲggz3x?,wًߛ/WxS\Z<Mө9ߎV˵IX{!?-taP	zr[q\r\0\0\0\0\0\0iE\"4\Z]fE5ZNG$y|>\\apy\Z|/Nϻr&dH:<MFnO[H׬DDttG\0\0\0\0\0KÇ:on|1l0+ֺќ^gy:mZ5.տ?Jm[`hܔ#ۺ)HuMy^_u{o\'JQ\'90;j?~87ՄUSL^o\0\0\0\0\0a\"Zt駟~JD>%$ggǏ{{{X.ߚo%FϷ|yiBFa,C6\n^<9M\ZXBV0cgHjȦ~6םKĢ[W+t۟ex*\"焅\\qwn\'Y?(22_+h!+&ĿԾC\'Ν<?L4^5cOfOM];yCxp\0\0\0\0\0^zX[^=9s|XmPPP׮]M5w}XesJq#s^ϘPȌI%YO(D$	J~q	\n=dhݣOOݺr[5oqVh?a{Qwb;MͼRl(߻\Z\Zv,{\']\"fHeT\rkKOB}\rR/?O U}Ы|ys߲|\0\0\0PS0cr\\\\\\ܥK9Y]_~򮛫SQa\\fO{wZG̮4_TŸ	a^1z]?zO\0\'YGw-It-5pCڃӱ7;=u]q78ը9Y\ZktOh^Rl֭7\Z14\0m\"VwJ=ùn=\0\0\0\0ʪy7o,?_ߧO>uT6؜ݻw֭Ek|u9(NveYS\'?=x,6Kaי_ӖOSkō~0+)/24Fr.P\rUʡ1dd\ZmseCDj7,\0\0\0\ZOպ\'887Vرc?o.vc)N*zMUsU`W!G,	}\Zwb \"baQM[9zh \"emd\0`-\\p\0[}Kڷ_Hߤu:K{{3\\X>_y=CDlnURz!eXf2\'!cw^In6ǻ\rp.={ݦ*y7q`cCDlnޖ	njrx.3zr\0\0\0\0Pbf]]>/TM\nlFݤwwG\'LChcnb4&7\'ָ/>zu}c-ONWk	\"Π%oxwO:yWhZjgwt/O>=)Gn	vmW7lƳInd<\"N3lt-OZmvS+w3n>FЅۏӵ$jԡK+bWsz%Vv;M6ĩn8]ÑƳYnM}wRAϜ$\rKy;1Yz{7ԥ3u;1o\Zؕt@DDjeLHgDPDQ5vOl<;wq~r_!*2\"j6B.S3%Oc%ܿJ~b{^BwhkܲmSmtuV8|Agk	7Luf5[~4S]V3y5dr\\\0\0\0\0%GjR`V.r|kr9̂??2ZxnϦ^3w~򈏿 MԵӿR83Maۃ_t	ۼ:۸\nOm;{?I!\"2d<Ը1QdȺs5Ylٔ{6C݇xHU1Ν9\\KdbJ^ʵ}ɿcn}sƞ;z=˷+=(ӧN:z4QAGgwI}3u\'\"ΐzh\n5jSAOIԳcSBW/%\"CZpMNI=y@_\n%eL|],%w2(kKz܇)2S>tt`$Sǳ!Hcגw۹OuE+e\\zb\"wA_YCQz<oؿMGMNC$˞gI5fMD$ԍ]vsj7\0\0\0@\rp\ZwI]ՠV-3iɷ\rINɄ}_C|7ou㏎v~ؿÇ/	6!gW[Q^,|B!0<\\	$ȐCʰDsسm=9Cر&qK~rMHDNҜ#.ylL#6R\\p[_ku\'w9	.F\ry\Z8Zs9HѰD<\"2jʁO]㠶rȩc/-w[2HTk\"\"=cUR3qQW3bD)^|\"ֶi)<s^5,%ZqilӅ^֑EHdF9\\J/S髹v=#Vѡ`k-8ǰҢj$>{Huf2D(u\0\0\02/Ν[QT/\nHfLRĽ\'sA֣VndVRr6u	O!LQe]w6ɹ:ft6ׄ327o[Ý\\ד$:.kWKJI&\Zrn\"=6<8,195%1>U/jP>ccڛKI+/plڭ;KD|m~`<3԰Uiusf}2vFJ91BqoVJzиL>%}Cv<d_OO}J\ZK98,hWI>2v\0\0\0^U엋!fХoóD޼[;7a98e}\Z*/QgkFvۍSbbc^9xV6bB$WWv-\\O,篞c9bL,J<4-M1gCnXr$SADĪ4:׵kaH8~O S/!.>8=Xzs]?832E#lrǎYڣX~Dk#ViR1~ǥLO>\0\0\0\0\0xS@gk:KGwQxv@\rQ˱yq\"gZN\"UVjgooooooE]p/q<0q\\n*!2\"/R/.ro֡׫C;8dEg]Kl͊\'i+mc:bLadu:ւBl؅4[7[=%[:e8\ru[#5Ǫ5GK^T6=+9mc)XPZUDlޱ=Ep,m.s+[wrP:AYخdu86d:<<ɷ%E\0\0\08(3eelc}_\\T#\\cKm\Zwqى)v´g˥?w5M\\+ZpSC\'J{p1(N\"3\'8QR63Q߶\\ҬXH9QQ^6XVs-vS_k>J]3N?W#EMuzmBQ<`EAE;_zZ7qxPи]/ԄxLpNk2VnƮ[\'hiނ-+gۗ2#M`sSt߯uJH(;Ń۔TrY+\0\0\0\0_e\ZY(XЮ-}\r!n\rJ|ۦ<n/CW7=ȱܙIۮgOI橕4wZz5קӹ)ӵO3.!y5_%5P_=+\'soճxu&Z~Pޙ\'v]70\'N:y`ӤF=~$ę~:lLe;?rOr.|hX{\"H$߭7=/P8Uc.6>L;	e,\0\0\0\0P3=[N[^HNlƭy?S]>𷇛*637TͼIDmۮhcNl9#Fgc۵Vׇ5ý/˗.oАlmmSn޼Y~*\rjܿYfU\0\0\0@u0Lŝf8ݻc8z-ckz+l6S`l7MD,k^1<O/S篕)8]NfvF(q!\0\0\0\0\0(--Bklcǎ_L2wb+v>J36+y4E]\0\0 \0IDAT/h\0\0\0\0\0B?zh1<ߧ؋k~{MH߱Р\0\0\0\0%ѫW/c%]ׯjJшDypKExP`\0\0\0\0\0*/j5x6B\r\0\0\0\0\0\0Qjʇ\0\0\0\0\0\0\06\0\0\0\0\0\0\0\0\0\0\0\0ؐ?P(jUTGZ|C>\0\0\0\0TP`|\"rtt|\Zj\"\"M\n*JBB*J(Vu\0\0\0\0PMaq Hmlm(4jl(J$988\Zӣhm.* \n===:\n\0\0\0\0P`	BXhll:|T*-M@@@\0\0\0\0Pݠ\"\"D\"4\Z`xɟ\\x_a\0\0\0\0@P`C>@  \0\0\0\0\0\0IU\0\0\0\0\0\0@Q\0\0\0\0\0\0\06\0\0\0\0\0\0\0\0\0\0\0\0\0\0\0\0\0\0\0V\0\0\0\0\0\0\nP`\0\0\0\0\0\0X\nl\0\0\0\0\0\0\0+Tu\0P]Vu\0\0\0\0\0\0Z\03\'|իJhgWQ@\r![ Hח;XQÇg%\0\0\0\0\0\0\0V\0\0\0\0\0\0\np8<q\\U`Ru\r-\rX<AߡҔn$ȩajrފ+y\0\0\0\0\0\0@\rR.?u1m WqH~h\0\0\0\0\0\0\05G\n^?w`}=,S=\"úATؠBڀ-[j	*M9c⭅mܭ\r\0\0\0\0\0\0@\relԻ$\nQtJQA\rhѢS34jhΕ\0\0\0\0\0@e(G<w8oZHYPZF<<<x(Eyxx̚5+eE-]jMbn:zjIxӈ>}=F\r\'5uFYҮqfثl<SvAh\0\"\"]U2߁#zLrBl\rJھ>]vEc ^}:hIWwt5z>jULV2\\ރ}OgFgB*Ք\n:aQS#<R1<ֵnvm\Z8ړ_ȯJj}||(,,L*uqK|Zo~f0/\\vX홌UOM)5~\rj5캟Y(^Ne2#j.dP.g/rߝ2sL3\'Go?/ŗ%ݾʳIkbxo3Etq3^>CHugڿ?6V<Z>;u݆u,GQ	)Kcy\r)ti!Ӑ8rWܶ\\l,?4Բ7TG%5}ܩmoѾ{!\'I\rZ1[˰ǶLah\'B)t7â.KJgTA;y_fB~W~VF&H?XLD7n3fǏ6lhami1<U|f0!OpU\"_a(cFa\'U\\r-BXZ3\rbߎbS<#Xq%.<2i4US\Z}ݳ=5ҽ!2]ݹ㖰mڱCt6zw(1dV{ِO#b\n!Gf]];8\n:x7ڥt0D:MGb.`N|*vƷg`C׆66Z/ePa3o~I+һE΍#E%=I[%CD{qE-q\0g/6!7m\rij#U\'}.ItfTUN\rdr?1؝wWk~r&?=>Oں>`ή\"6msѣ2wI}mOkS%+c/k\'maRrUE\ZWky\'*ZHV~ڐSA;l-/_;%5YZs?\ruUg[Qo-[,ݻקOOOϞ={^tI*rv3g΄=zu֖cwdM\\J|kg!j-(a~ƴYc\r_r\":69Yuw!4}8-8q+\nÔǞ%B<\"b86?ff߻.Z:ܐy{vW~?qղxZdoŮ|۴f7=w;?0mxvʹ]Lh<m[l$&fo>gOlT\"Z^46Z>3qywasޱ3v7|7žQ}eց<F=[ioCdы-2o(C;w}7qwFvm36p^2nRQ viqo\r]4GL$ge|	}R%ڍWY^әL\rTB)Slv}9Dw~nEסk}Q;)\nQZ/6T+`+?Hl<oF{pLpǮt\Z	b{xmɡ<{;sUn,G4Pk.\\.ۻwVw$mIŬ~ULp);R°Nt,F[ ?ގ=C8\'눙@mVí6\"%	=q]l>uhjwwz)r<?mwznt[o/.,Yg9eY5&ekͣK6N[߾m\'Fmw?3i8k힃[#ש~#I,~h?zo8uvEψ6ٽa0oǭ\ZM]wtvl9tto{RͳjLY5~+jo;YQ[ÙYme9Nh[\'Q8W]v NWV=J9\"\"{.$9Nh\"uli1Ȗ>[J<pZ\n_?SAVpO{b\',~pzn|OY}|F\Z^poҽ1Bpd29K#$o:Oh96ֱ+-mKjV.)jіM)oǧ$(G/{\'R}ҵݿo~60W\"ڿaFs=>w#.UZw8eYe\rz{K?#Ru*笗5O^$P(رcΝbX,ҥqN*M\nGo?;}L)nVo^҉n*\0L+xnet;Y,ng]P<ٚ%*%vymfz3sSyS~,m//p7-xa#3C|MF\Z;Y>bE֯xԑ(͔4q3+ kFT i$4vTٷ\Z9y+k$6qD>ߡI]exF\no|\"weXÓLXZ$fӧ_I\"eױ|{:ǮDzΡ͛o7aх/Cz9у}guw`^}rjQhv@4bN)o^K&Y֓86.Xgj1[]_1QGf]/VW	L&Ivb5Y!CҶ*L]5l_(c\ZN?Po0N\nRӵw[!рNN@=3f63)^ 	D\"cUNVjn=/_dD4wo믿?@ J7nؾ}Zmp^e+ f5eՈh2㸳b,SN1_=ES<yf,MdDY?ۜ[|5iK!Yͮd?GNCDĝG2-n$IJu_^VWsDYw۠®AXu9/Ĭ1b>qDd(]zH ##\"p(ʀiR2pvR\"uڐTy:;(UF^-XMH,\ZϡBmN̰Dı|\\HղD5s \rؽ/	[ڦWziŌR9LmGr;ISm/)OO\nw}5ǈ|Ĺi[o<M&ǉrٷT}zE2uIMfBt-s71,8\"\"!%3G9\\uϩ	QyD޵<|[=K3___aR@ hݺuǎm۶;v<~xVV̙UvI<G4r\\-!n5t֥Xk\rxp#w$֠*xK(38J:+U]caWx>]$zA`R!p4~hXDvJL9ڈ^徦e+nE:{Hf#G=oM[ui*,-L5	}j(9~8Nr/<`>xzZ8N{z*}	\'wT˻}u˿ɊMhI$fz08NtjB)=:l7StqȫZyxJ3՚\"|RV\\;ml(m}Z^lyS[ނ\rEG\r,qG)%sl83f-ZSCeYN=rֈc\'dcզ4O\\U%wIӽ<}ߑ_N\nڤkY\"*z`>۴b&#SR.o\n|sVNR˲Gn6NY%\"a8~w*}MXnS:oI{vL6Gc\r0nr#pg3Ձax5a֪gIY2iF/뇾`օn5l[mw/o{KTxúrAqLQ~]~~t$=8pqZU1suH˚8YDDtukxpl\n\Z>0Ц+&C\ZHGo%!u\Zei6[Lݨlſg{QIg[,s{D(\'Zs[+T(NPwg?\\0P4x._D)>ByeC>Qv_ELBɁ=O\'RYZor|a.\\N]HFW%ƴ.Un,-T5t֭oÆ\rW^zj۶m	p)ʏ?xԨQ͢3|i*}2(_q(e/$cى{Enaөu,=ߛ^{^^>?\noѪtX~g;`}IYLؤ{;/\nl0c]B䥟ޒ۴`N/g˯\\5t\0ŭkVoבy?F+Ǥǎ]Jth5˟o$\'nЯOb*l1MpmZWL-۶7kkʹF6c_zclZ\rm+&g@]qd&6h9eWصmM_QSǔERV$g5sDҳO>]Q6ɉIt`g/s7\\*L%kٺM0&];E}t\'\\iڌ?+!W9UiV.~Cyyy,~7}W_T-Z;KѩbUW\0{ɔDNrwD\0~78UEDo;Լu<6l/\\ͦbYN$Zݦ]}.}a\'j/t5aflbY]3BvSۍ^vKocZԑXYq6cI6\'Kv?ArSS9.Crr?}K7v?/)gnI-K\'$4ӳ|<<<F\ZUӰYݴiSLL?Pg)M&4O(HQB>aVg bxBX`bgЪ%|E\"ccUk1_ \nqN7p1<P$3D˲<k4z\"kY$VE\\ȹwgشsjYvZF l6>[7?3qA={GMc\"m\"oܩ_$9Fc9c\"4j=kbg361|H(1DyT1	\"j)֠i\rCV}M_WfPKNv|ӽOiVFm~9gP_.c9/7vN+JIW*s$\"higxa&MJ՛.qN3l/|F$Lddرc$D\")\Z<//O(\r64i҄YU)xmw]^6IBH?O\";i`V))K2pYM?Pnv3JU{&4#vJ2crzLSʎrFA<@)QfΜxsWLqJÆ\rgΜY1:JNc==\\z؝Ek5%qcZuIhѲHL,u`/؆19h%m5jU5\"Ȗ36gr==ש5]_DO(Sih_+֩8^{,W%3hժ0*c/k\'50T*HW*s\Ẕ(39lUJ\ZrZ\0YYYnnnݺuuVff&q\nC/^z)M&w߁J1</0\\N\r&ma\\KSufnÅܚt9y?53vf\n->>Wp\rK.}Il姈}\\H/;ggr8c_vM֧ĩ:2JljɩrRcws`^Ik+T!%*bq7w\\\"6mرc222\Z7nl.N?HLVZ!De	9\\/:k__ƳJx4Hi%]/\"17)5<+f͗O 	Cı^{\n&WXiClys)9y\"Sk/ؓI,˩fU^YWnvrr*6s]\"^WYy}<GbMXǦؔz6k8!Z2Z\rw\rmgc&RkU@Scl5_Ty/u\ZHd-ϣ<[LiШj09aN\nAjA_啨0O߿_lϞi;BT?OD}<;gԱzBr܊\0\0\0\0\0\0^@e{]@_[+xJsj\"\0\0\0\0\0\0\0js.zS!T0T\'T[Hy`A\rt}9aC1W`\Zg+X|ɷ	9Kn&Y!4\0\0\0\0\0\0\\ҳP\0\0\0\0\0\0\0j݃\r/ت\0j\"\rX<AߡҠ\'?ҭ\n%&VuP mrȖ灭5V\Zj~^\0\0\0\0\0\0bC\r\0\0\0\0\0\0`(\0\0\0\0\0\0\06\0\0\0\0\0\04iRnݺvi)&M\nb[ꢓr|={;ǧ&Bgjh=4L\0\0 \0IDATDQޥٽK2xg6\0Dso?5=;}ճI{&م	с%S^8뮤JY.ow䧿O7]Y7{̀æ.=XT{BMPxz㞁z+x\0tEcɒ%ӧOJՆe-[,YdʕjGmOEj6O{pgl8ې>f~?ʻ4ŮK7~ ~uw}1iyq3\'4t䐣315_/cD۬q>i)gx\n/%Sր\\Mx}G_yw~ur^\'_p|NI\0?lK|eWLfC^V\Zyhŏ?y_lH8\\63o_SJL[HMc6CLc.Nk,k&_*p=>t\"quE߫=\0\"@\rq޽ӧ;;;aĈ\'Nbu{vvqt\r|EDD~tJNQ$>ߊm̐ph7<\'^6Qmߞǿ]>nؓ(/זy5l%R5DK	N\r{+ύWY?EdyWۿK4!D~~pc\ZN]6\ZM6nq>)AB_}rb\"/Y7lB&-*O;=cy&c=ǐXr<i&Xg5${aЬ^;||#=\0%`Ǖx8k^*.k4O^UP\\\"6Ư\r\n5lڏG4iٗi{7_O4	S;H{NzFll.eqEoD<6-8\'dUA76|+=9{,׏4;{O_-p-[lݓYF\Z{䗈ZM}D7嚼Yk Ihs5inǋZy\Z\'߱I,DFC?m{}߂%/k2҆1\"0pTy-N/̶Cv:$;Y\0\nl)KՒy@RwSDDؠ󩞽;z]YsvS]..l<k>k*9wM_4417bOM847ƨ6\0gz`wr9!	;.ҹ[~uS\'tݒ]rڈ_ꄡ/wvqqqv󋴣psQi!+:Qf%嘺?mH|fd6+]7.!yoNXRb6OӾcDd*8gb?T\r!E+l{\0ej.ov\'Dg{vvPʻ϶_|>S#FF͙7ptsp@RQ˝j:`)qK%Nc)BD5[\rlzd˹S?KY\r;x쉽xO_.^!\\,غW=KלWiB>[2ؖ.̲?ܮN֓@/_\'FgCkG|dy]n}>-&aM<>Mscy{Q_m{\0e&۰c7iGUGP!d:JOn=<](RBdF4@S%Ooj263SˑHiS#)JPBUOHJĳk5(5\'ǌw/Xb=s1oF^;w<Q:ѳzx9KH3h«ko)\"p+/ڙd_qBZCAzM\"ƦZ&{蒁nr=bLó Yt7/%\"oVAMmB?=\02JzJ2ǣw(~gjEFښCy%+ԝz!<gk{k>8읍Z9Ng@EB\0T\"m2VpMY%8-}YKnƫv|}?T_(SoyG*0Bw˾n2;}b\rgDvܤ,=ȐMJgn${E,z@1e*q>ϲD#GI+=L<\'$E#=\02%Pk!9tH݋JB\0?yzdW:uԩfqS\"e_P;p_{\"ܖƦ^v&nVN(1\r@%bl[jy|]}RxO5w_ݱBS1,shwJ7QЍ:똾b˼-_V9he+M~5?\ro(|}L>OUcV{Cy~[ϢSb(T<<j8$8cȻVKMY\0\Z\nlKF(F~͙+Մֺt\'n?yxŷkox55K 2sĪ7.iھ`<\0ZC\0T\"Ʀ&7ܐw\n㉕R.w#o];zMjl<\"m/}A؍}˿ݥ<3H/Z}#)76=6(8K3v.{aMko-fĎu\nx)B7bK~0CјMc2Y	Rի=FqR_U6g\0^j{a57˲VEخqfs{tw߲K~ÍjRO0D$ۣr)c/ܻ?8?ľo.]ʍ?e i&ݧ-4VoH4J|a^uv8sϏ߿`)Splr4[tgrIcO:1DD\\<壧fWG]Х̛pɴo[7[¤-]\Z}7Ae:s珈o\"SXP}3<[h<cǿS8Ğ\0x1nUuPn,uFnbҤI#F(i,nٲ%&&fʕXy\\bkc,ly|wMS/jPAJ-pcƌK,8q\"qT4h`ƌU\0\0I<7\0\0^(:wv\Z\0\0;M_[&\0\0P9P`\0\0e\0\0`-E\0\0\0\0\0\0\nP`\0\0\0\0\0\0X\nl\0\0\0\0\0\0\0+@\r\0\0\0\0\0\0`ͫLαA![ Hח;T\Z\0\0\0\0\0\0\0\0\0\0\0\0\0V\0\0\0\0\0\0\nP`\0\0\0\0\0\0X\nl\0\0\0\0\0\0\0+@\r;O?g2Obq\\vGStRE}7Ayg\\WAD)(b%6\nDnXbWbƆ-ޢ^.;7DD ea(G^_Μo0koږ>^maڔ%\ZӺc/S?0eP6>-|}t8u?֡oa}7=ФZgY|Z~3\\\'xdڧ\n@=7~]ΡFJ~*>޹C;i7֝}Mgi!xd_/|}Z|eGk]7>-Zw6{j}M	6m%odpYC5d	%GkG\Z>ӓBĜ`[9r:TL[N?c,Y[S#cGK{&N~\\lUU/?k^`t?9=4ML!\'\\tP\'_9Ǻ	o\r;^Y?ֲMa_J-l6kWPV{eؕNTr~:9Ѐa^q53i?s~R}=n\\8o/yOq2Q_mͬdvQ9^To/|?ŉ3f7-w	SMygΪ+j`\r)3TOzuX6\'wlMu(N)_㴆\\/\'$\rv!W5mz4%VLa|(l<tP{{{C3o߾wXn\rmGCp3B{(/7b{І퟽K9S,p-]wo^\"B}a{تK1:xolg8q.UP!b)]JN{15rCׄngU)/==θ~>-p3ѹ7иSaWuҽ~YN)w;+q|Gp3z0n|a׍.%Tin7ojV!lwyiS♁:,j\r6Ť}-2NkdO2.\Zߕ0-A%Cק9vDT2i1-Rͣaب9¥^U{U+u/.9O{_Z/-vا;{Ӛ?S4aG]1÷H\nҝoW\\Bm&?*+{T\Zys}oi6Á{k=?[m{:!ކ>Ɲ~ׁ\ZO˱U._r1mó±dďc\"&aD:c_D[WHRZY*\".Cr.	+2*kuvv:}]%oڿ^`\r\">-0\\:4\'vS^ZJZNkd{O2]JlȡPjFyfE	=z:\\##\nzWwLn\Z7ah8dhe{jbL̜ܺ})<uG-X᫟,o:Ņ{(ZhUM[*Q#	飮׸jwlf.8@:oS~VygԩPos$t7NYyշoQT42˛(yBn62Z\"<}\ncK>9HY\'}\ZI\ZY9X/5+T|\r ҵJ\ZMz\r֙e_	;UڮV.U}|x	\Z>ݓHwe{\"tBhwW=\rw16?=thj%=T{.Dm͕FvN^hNst[xD	gz!>.2JkbeiQ|Buy9\r׽٤\rdJ_ֻ55w\"+4hn\Zyʐ.+g|>9om`Xinfa[/˅B*Hh\rІZ!X*}ǎV`=:ufe4gQ0-\\U=c_洆A$3օ@.==\ZV{³fuc	s[3YQ${SLtDS*J^58}1vDSc?,B(-͕q/^Eʯ qo=tuIҦ|Sykf\'(ex 3lƁ2%ozvw=+oݸrڲqrv117\nOsYU&]|v$Q:)?6ůzc3%]i`W^J73\ZRRG:\"]LaV.U 55|\'.;\"`#73hPtߗzq8$\n~gBtl5ft8\Z?&مPq+4rH\'0-PI͘,gW_];f3&NP)׸Շ6/E͉EMŽ}d[M\Z8@&5wq}7ڲK5$-fd.3)h\"ﾏǘ7:5^^^7ntjΜa0Vեڗ^\n+{KC%cïi,iҐ6}гӬ!%Cgά,+D݃\n	|\'y%lW3rZ [{oBed\'.GfQa9+<x׮Vϊ*;Owgw,TPBY:zTεGY3MkӛtS.S׋CvmdY~ao6\rƯ	;Muk]Lؗ)=C}cQˮ[;[?SJ!4Sޤk;-R&[RN7y>|[Ǵd9.J7sP+[s~P4CCjHP=3+˪o=n^uY$6e̩]_&_i\rIf܆\r92pOO`ٰ565y5y>MYs_{ܫB(b޾Zߙ`]o7gӡϟڿ~)\'Ӵ@AM8oY+#fn8[jJ+s}}UӖ^Ѩ#Bfי8xX<sᎠ7^C]]J!4,_{Q/ky\ZAȃ!	2[9+\\y-_t_L%v*TJeѥ@^ӌ|7`5`YY6Y}G\"\ZuW+%|Y.)65|\'.rP(:]z\"N\')	۵jX$Fi%S?]눍jaUUV!L]T2weF4n_N~fj}3o)ԻAa]iyӷ-ŨzKyGh }\Z2=L[ː3-Ѱ~f/\rZsm&6Q߸\Z;(ZXUmB]ԝS\'lkI5ϮL ys:6vh7&|#y72K\rנOF!zMea$1W}^U)mڤ?vs4NkdoO2].\nMwvuK/&Ҿ}4\ZN2/#XYg6|h68ZKV}u\nGQ~&>19=C;wnJgF!ǰa{_N9lذ*\0)҆Zs­h.\0 `C37:\r\0[}*.\0|l\0\0R[}.\0\0d)\0\0\0\0\0H@\0\0\0\0@6\0\0\0\0\0\0\0\0\0!Ev/#slmȱh68ZKV\\?Mw|H`\0\0\0\0 \0\0\0\0\0	\0\0\0\0\0H@\0\0\0\0@6\0\0\0\0\0qq5`^P(R0sذas~Q,iRԩF>nA˃-huO7c)?? ꣮Zph.\\i=2UZB}?\\p,PUK:6ڬ}ZFon}^%kw$Nj:\'\Z{~J{\"SQ٪-\rlAkwKD>kwIqaHAZ9d[~ݣzaz\r˄	[O_J¥ZGt(5ćd-ś8Vhgxz&B8fڜ!1*;FovhB6\r9{M`\r)\':l^}wp\nZSģ,dOO.YkB/P=5OX-LlٽW5ZUȝCC*iZt/6竮L}gcܺpPFm&_с~m9X?4B}̀<ѳk[<k\Z>^\rX/8Zdfͦ^jݟk1\\>epEKJ`@ogAk#{y=>jtsOmf_IB02mY+[>l!9Ip$\0\0 \0IDATE_q<22@~Q^ɓm=cX5[;娃@޽p˿)n}su>#+_4s]կ&<1mɥ<`\r)3TOzuX6.˪|&wv׮{TA}Y6\ntѳ﷕z_qLW!w\"`CC}{Ţ\rjtн>rL^P_qJAMfеBPWS7_,ZK6\'*BBec.\\t<\n!>h@[leᅢ.-j{5~Q@%\nJ;Ksim(*|ЃIQwֹyX*56\r67X#Dʻ\'yOܪߏ}xן{t/b`)6xt_)<F?9}݋=>k\\T7\':vg24TUY[V9\rb[v=^4l\Z_>ߑ\reϾ;)T{8=I}{ڂB؋(Wj	n^{PivKq\ri]\'Q*z^M\Zvxh3;nXQ%oqx!cz{{7l޻jP_/06bkMlcQio-Z\"|58BhZc>]׈:;|f>SoF:Ɛttܭfӿ[W\nS7i4>)|U|=ҎӪJ\'vuς֎ѲwN~kν!4wt;ruoZ;rl\ZMϚg#SiĈhT$4V>yGU)#(^\\5T(#mdWBonݳ6wS6߂i/kwmQ{ov=1\\:4aG_ѰZZ{K[,d{OR\rMՋ.ʛdva!k]gzw`ިM߁a\Z!9rIF9\nJ9jhü%&wrM\\|xYV_`7Jk~g8SݶuӢ+,\\֩\\\\!Vg)\ZP5QCkwuṶjYa5)k!s =i6>\"LK*ڸ[x/G|ꔶ}J<wMv1<U3F	8`Kp݄>Knmsԗ\\\Z;88LqU*݈nŽ0ţZu)֙~~mm?{n*0=jF֎\"QvBhN;e\r ʭzLz\r֙e_	{\rEש/)vG\'t_V=Ge_zE*#`#2/֨՝<8~8@ZR/qR>j8_}vp3W\ZYwrvw|S>47}\'6wogݮYW|/Dԅuy:u77qHٰ-kb,;ڙ+,;;9wHnE\\oo63x1bju>s4&aDHcW\r<mt(m+x>x!//l2ǫtj}}z7*Vģr&/\"3q|xtis~U5fdW{ˏƨ#.9kM!t7evxΰ\\;OѫsHh,>?kM\\\r}; ʹI?`m:ljvݱԠ0-]ɡ$rI^ԚX[p6r1MZӖ\rb9\\vbW=7XS:i_@*znKՏܵnF_\"fl[JmwIlҒ^\\ɛdȈaak\rf3e>|Ĕy+z\\~^/l׬bC	ֹ3-xƵK箫~ҥAo<Q c_cǍB|{vYq4Q:	SV_y\n76S	MUgXsG~\">զ[CJ\n(3PgVBk}!̋5d~e+*#ړT[Y(?@}ܓ7\"s4#yRlf%V2ׅ߳W;\nSI[xM:!CG9߳\ZI%4]~t|#G7y#AqAlRI@t_Qح*RD8\Z_Bh\ns7NYr1MRϖݪsMŝė4=?J֟5VJZ͋CcR5ǘ74Ct>~{ـ3Z{&>Wa7qԣ\Z!LB0RX;X,9&MHkfYi֐z3PgV\"}BCmBWgt,kdgOR,[@ǉ\r*8tE9V\\\"\\ҳiեǎ^ϊ<,ގ-=lZCiW.??珃!)ΰxafmefDPxȦ.{EB+gHټ&mfVY+;n>E㷬D(l*~[7]ӸhrԄ~5^_4Y*e\\ŔŤC^vpvcu$(ڵ+Oj1L:_?}/ncAS=楿_E#[k4n̮\Zz7TCJHYYV}cG5#j[Ez>2RWGE\')T}=.z3\'\'7,ZR~uEyBܧ\'jZ^e~jBΘY8iy\Z(cBo޼8VdU[b:σ{̑Ǝߥܮ~2o蹻]~~1ulݥ5CJټ&RbTW|=Ϝ=wݔ~V+Er>eZdY/U\nSZN;qs<F$$,&3\'DV7NkAY]s-{н~4(2Zu?bTS!$<̡祟oڢ_7}u-Z0sq}8sႶz\ZRlufedWw$.\rt)#&ؓ*V#.~sItr\'.t\"r1P(:]zϓt\"]M˙;aݬ~ZAɴXt>VX73mp<\n!Yլ\'۵m3<iwLݻZdbiډ[^ֽ%:	m4լym.Mk\Zf}}[k;ԽÌ[>c5;Nرso>v<|+QkҾ>?wQ>=1y悵uebՆ͌K%6F^BGjػ7^\ZsoV^رٸΙfҶds=8ya}B͵\n!ch.&гBm[KM[lZIY 7Ξ:Xj\rw\ns2e07S8o5{\\|W7ߺo>Ϳ߿xLAXXGL׆OGkɊF,r\Z?3	541\r9\r߻wo^HuOOaÆeWy\0OeG}Uv\0D!GF\0x_\rB\0\r\0\0>R\ncK\0,<E\0\0\0\0\0	\0\0\0\0\0H@\0\0\0\0@6r2fd{qǇD\0\0\0\0@6\0\0\0\0\0\0\0\0\0\r\0\0\0\0l\0\0\0\0\0$ `\0\0\0\0 \0\0\0\0\0	\0\0\0\0\0H@\0\0\0\0@6\0\0\0\0\0\0\0\0\0\r\0\0\0\0l\0\0\0\0\0$ `\0\0\0\0 \0\0\0\0\0	\0\0\0\0\0H@\0\0\0\0@6\0\0\0\0\0\0\0\0\0\r\0\0\0\0l\0\0\0\0\0$ `\0\0\0\0 \0\0\0\0\0	\0\0\0\0\0H@\0\0\0\0@6\0\0\0\0\0\0\0\0\0\r\0\0\0\0l\0\0\0\0\0$ `\0\0\0\0 \0\0\0\0\0	\0\0\0\0\0H@\0\0\0\0@6\0\0\0\0\0\0\0\0\0\r\0\0\0\0l\0\0\0\0\0$ `\0\0\0\0 \0\0\0\0\0	\0\0\0\0\0H@\0\0\0\0@6\0\0\0\0\0\0\0\0\0\r\0\0\0\0l\0\0\0\0\0$ `\0\0\0\0 \0\0\0\0\0	\0\0\0\0\0H@\0\0\0\0@6\0\0\0\0\0\0\0\0\0\r\0\0\0\0l\0\0\0\0\0$ `\0\0\0\0 \0\0\0\0\0	\0\0\0\0\0H@\0\0\0\0@6\0\0\0\0\0\0\0\0\0\r\0\0\0\0l\0\0\0\0\0$ `\0\0\0\0 \0\0\0\0\0	\0\0\0\0\0H@\0\0\0\0@6\0\0\0\0\0\0\0\0\0\r\0\0\0\0l\0\0\0\0\0$ `\0\0\0\0 \0\0\0\0\0	\0\0\0\0\0H@\0\0\0\0@6\0\0\0\0\0\0\0\0\0\r\0\0\0\0l\0\0\0\0\0$ `\0\0\0\0 \0\0\0\0\0	\0\0\0\0\0H@\0\0\0\0@6\0\0\0\0\0\0\0\0\0\r\0\0\0\0l\0\0\0\0\0$ `\0\0\0\0 \0\0\0\0\0	\0\0\0\0\0H@\0\0\0\0@6\0\0\0\0\0\0\0\0\0\r\0\0\0\0l\0\0\0\0\0$ `\0\0\0\0 \0\0\0\0\0	\0\0\0\0\0H@\0\0\0\0@6\0\0\0\0\0\0\0\0\0\r\0\0\0\0l\0\0\0\0\0$ `\0\0\0\0 \0\0\0\0\0	\0\0\0\0\0H@\0\0\0\0@6\0\0\0\0\0\0\0\0\0\r\0\0\0\0l\0\0\0\0\0$ `\0\0\0\0 \0\0\0\0\0	\0\0\0\0\0H@\0\0\0\0@6\0\0\0\0\0\0\0\0\0\r\0\0\0\0l\0\0\0\0\0$ `\0\0\0\0 \0\0\0\0\0	\0\0\0\0\0H@\0\0\0\0@6\0\0\0\0\0\0\0\0\0\r\0\0\0\0l\0\0\0\0\0$ `\0\0\0\0 \0\0\0\0\0	\0\0\0\0\0H@\0\0\0\0@6\0\0\0\0\0\0\0\0\0\r\0\0\0\0l\0\0\0\0\0$ `\0\0\0\0 \0\0\0\0\0	\0\0\0\0\0H@\0\0\0\0@6\0\0\0\0\0\0\0\0\0\r\0\0\0\0l\0\0\0\0\0$ `\0\0\0\0 \0\0\0\0\0	\0\0\0\0\0H@\0\0\0\0@6\0\0\0\0\0\0\0\0\0\r\0\0\0\0l\0\0\0\0\0$ `\0\0\0\0 \0\0\0\0\0	\0\0\0\0\0H@\0\0\0\0@6\0\0\0\0\0\0\0\0\0\r\0\0\0\0l\0\0\0\0\0$ `\0\0\0\0 \0\0\0\0\0	\0\0\0\0\0H@\0\0\0\0@6\0\0\0\0\0\0\0\0\0\r\0\0\0\0l\0\0\0\0\0$ `\0\0\0\0 \0\0\0\0\0	\0\0\0\0\0H@\0\0\0\0@6\0\0\0\0\0\0\0\0\0\r\0\0\0\0l\0\0\0\0\0$ `\0\0\0\0 \0\0\0\0\0	\0\0\0\0\0H@\0\0\0\0@6\0\0\0\0\0\0\0\0\0\r\0\0\0\0l\0\0\0\0\0$ `\0\0\0\0 \0\0\0\0\0	\0\0\0\0\0H@\0\0\0\0@6\0\0\0\0\0\0\0\0\0\r\0\0\0\0l\0\0\0\0\0$ `\0\0\0\0 \0\0\0\0\0	\0\0\0\0\0H@\0\0\0\0@6\0\0\0\0\0\0\0\0\0\r\0\0\0\0l\0\0\0\0\0$ `\0\0\0\0 \0\0\0\0\0	\0\0\0\0\0H@\0\0\0\0@6\0\0\0\0\0\0\0\0\0\r\0\0\0\0l\0\0\0\0\0$ `\0\0\0\0 \0\0\0\0\0	\0\0\0\0\0H@\0\0\0\0@6\0\0\0\0\0\0\0\0\0\r\0\0\0\0l\0\0\0\0\0$ `\0\0\0\0 \0\0\0\0\0	\0\0\0\0\0H@\0\0\0\0@6\0\0\0\0\0\0\0\0\0\r\0\0\0\0l\0\0\0\0\0$ `\0\0\0\0 \0\0\0\0\0	\0\0\0\0\0H@\0\0\0\0@6\0\0\0\0\0\0\0\0\0\r\0\0\0\0l\0\0\0\0\0$ `\0\0\0\0 \0\0\0\0\0	\0\0\0\0\0H@\0\0\0\0@6\0\0\0\0\0\0\0\0\0\r\0\0\0\0l\0\0\0\0\0$PewA.]%\0\0\0\0@nEFb]B\Z<{f7ovW\\fd{q\\oH.\0\0\0\0@FLgw	i˱!\' h-YC.Bs4q!1\r\0\0\0\0`#Yz/fd{qǇ6\0\0\0\0\00d9[r2\r2֒=\"4O#\0\0\0\0\0H6دrlah68ZKV\\?Mw|H`\0\0\0\0 \0\0\0\0\0	Dr390d4d%+{Eh&;>$F\0\0\0\0l$˱_lq`!~8\0\0\0\0@F,~cCNFAZ\\iCb\0\0\0\0\0	F^-9Gk\nr막l\0\0\0\0\0$`dw	i{ 7 h-YC.Bs4q!Wv\0\0\0\0\0\0\0\0\0 \0\0\0\0\0	\0\0\0\0\0H@\0\0\0\0@6\0\0\0\0\0\0\0\0\0\r\0\0\0\0l\0\0\0\0\0$ `\0\0\0\0 \0\0\0\0\0	\0\0\0\0\0H@\0\0\0\0@6\0\0\0\0\0\0\0\0H秴~M_>߿q7\Znڎ[1,UMZ?z-~k6wko%OS_yþ{\"{~J6=Ծ}A\0\0\0\0Am˟40hdja\ZZUcF8c`/w؜^ʞ,ȢiSzjN~Q^oˮ:;[nNFY*J}\0\0\0X\nJ笿Wl\\YǇACx|p2/ު}kHbe]-J|Y%\"җ3%ךPV!\r\0\0\0v{I]kwߴlw\"J,h͏]}08m|c#k=XN42UhqmHsvnض̽wz<1ƧO/).<9-}-?BhBz4fˣwϨ_̸ͷւU~YvRƯyxhrWQ;[\nȜ޸*<}\"{{w[qM-пyNAygAkhYۻy\'5^\'g\rD_ڰrוg66\0\0\0l}~]:nhâ/Yuݵg[RyМ5:ys/kb`ª\rc*[Ӛ\\ٹj[g9G2Q[D-7Mӆ/-JT2b^!ԷՖkV*ikX}ϳg\r\Z!˃c\ry֯mY~	&]/.mloe^3N5=}7o0dPu2G=(I/N&W.Jw5i4m8O:uۅ\'q\0\0\0\0Bu+WiQk\'ʗF:ߘUùI-;~:)_n|i77qޣW1gU1ױ57VY:ٙ+,;9mNU~SnHDq	*k.7YF敌~w%v5OŕPJz<Wԅuymxkg#!Jyڠ\n]I7N%wk׾:cez\r(TծSgh2WS/>i`=~a.:\Zw:(iЩZֽQ13!6X>;,RN3^㵃mwǯw0ҥl\0\0\0\0Z|_-my\r\'!gJ˂BHҥA&Bڣ]Qi[-YBŪu6.cIS(-\\mBhRmHgO\rl3r=,Rʧ}W}tDToX)w$flKRڕ](nӥJխM\ZO.j;;1aR}bml`Hߝ[MSƌ?\\zڥsVͅ>3;(Go&xUsz5Ml\0\0\0\0Z3G.jJoҨf{\0\0IDATtҵ\ns7rj*Euolms=3\'.[ʽSTJcsonH(J6&pNY%V|*u=.c~Qӧv,3.ng*3[~vī\r!>\ZxtnKm\0i<2*Z֤f[-;+LUѪ\rܽߚ|l\0\0\0\0E׉U{{sP&f!fqңZ}-Xo`!U~/˧l:kO,[V!3Ex5/c\"y=8Nu3.eoldlj	Z#^ѿ|޹emǬiTLmi{z!}G;q)3|yiB߿yc/\Z,f2adjnZ5G6`B|YHl\0\0\0\08VlX;Nq:_rldn\Zo/󷟽v֕{>P7DzǱ9ΘY8iy.	w7[y5B<BXԦGu{c.U6<,F^ݶ`-}o[\Z?e/\\	ax#.?Oa}͈\rS_Sw;(.&|녑>Wn^?o.jOBbt/[>)7pY8fm|K\0\0\0dmto+g7qz+L*ljc%CG\naUz۟6vP\n]լ\'۵m>Qi\'O~}vogyUǽZT36cjּD	j&Oi&(kxq\\ݱ[+vޙ.ؖ{^*Պ5p?Ha`s˧TT(Llי.N%&A}^1|^M{bk~6~tNmFPNV0V8o*iUȹ\0\0\0Bi$;i{l\0\0\0\09B)&a-G{l\0\0\0\0\0$ `\0\0\0\0 \0\0\0\0\0	\0\0\0\0\0H@\0\0\0\0@6\0\0\0\0\0\0\0\0\0\r\0\0\0\0l\0\0\0\0\0$ `\0\0\0\0 \0\0\0\0\0	\0\0\0\0\0H8fQ\'\0\0\0\0IENDB`',NULL,NULL,'Viettel Net','',3);
/*!40000 ALTER TABLE `enterprise` ENABLE KEYS */;
UNLOCK TABLES;

--
-- Table structure for table `gateway`
--

DROP TABLE IF EXISTS `gateway`;
/*!40101 SET @saved_cs_client     = @@character_set_client */;
/*!40101 SET character_set_client = utf8 */;
CREATE TABLE `gateway` (
  `GatewayID` bigint(20) NOT NULL AUTO_INCREMENT,
  `Name` varchar(100) DEFAULT NULL,
  PRIMARY KEY (`GatewayID`)
) ENGINE=MyISAM DEFAULT CHARSET=utf8;
/*!40101 SET character_set_client = @saved_cs_client */;

--
-- Dumping data for table `gateway`
--

LOCK TABLES `gateway` WRITE;
/*!40000 ALTER TABLE `gateway` DISABLE KEYS */;
/*!40000 ALTER TABLE `gateway` ENABLE KEYS */;
UNLOCK TABLES;

--
-- Table structure for table `inout`
--

DROP TABLE IF EXISTS `inout`;
/*!40101 SET @saved_cs_client     = @@character_set_client */;
/*!40101 SET character_set_client = utf8 */;
CREATE TABLE `inout` (
  `InOutID` bigint(20) NOT NULL AUTO_INCREMENT,
  `Code` varchar(255) DEFAULT NULL,
  `created` date DEFAULT NULL,
  `createdBy` bigint(20) DEFAULT NULL,
  `DateExecute` datetime DEFAULT NULL,
  `modified` date DEFAULT NULL,
  `modifiedBy` bigint(20) DEFAULT NULL,
  `OnlinePayment` tinyint(1) DEFAULT NULL,
  `Type` int(11) DEFAULT NULL,
  `value` varchar(255) DEFAULT NULL,
  `CustomerID` bigint(20) DEFAULT NULL,
  `EmployeeID` bigint(20) DEFAULT NULL,
  `WarehouseID` bigint(20) NOT NULL,
  PRIMARY KEY (`InOutID`),
  KEY `FK_cf8d7d29d4dd438f949d5ec1690` (`CustomerID`),
  KEY `FK_6c25e504de8541adac371aced22` (`EmployeeID`),
  KEY `FK_d2f79c3c9c9b4324b1f793363d2` (`WarehouseID`),
  CONSTRAINT `FK_6c25e504de8541adac371aced22` FOREIGN KEY (`EmployeeID`) REFERENCES `employee` (`EmployeeID`),
  CONSTRAINT `FK_cf8d7d29d4dd438f949d5ec1690` FOREIGN KEY (`CustomerID`) REFERENCES `customer` (`CustomerID`),
  CONSTRAINT `FK_d2f79c3c9c9b4324b1f793363d2` FOREIGN KEY (`WarehouseID`) REFERENCES `warehouse` (`WarehouseID`)
) ENGINE=InnoDB DEFAULT CHARSET=utf8;
/*!40101 SET character_set_client = @saved_cs_client */;

--
-- Dumping data for table `inout`
--

LOCK TABLES `inout` WRITE;
/*!40000 ALTER TABLE `inout` DISABLE KEYS */;
/*!40000 ALTER TABLE `inout` ENABLE KEYS */;
UNLOCK TABLES;

--
-- Table structure for table `inoutline`
--

DROP TABLE IF EXISTS `inoutline`;
/*!40101 SET @saved_cs_client     = @@character_set_client */;
/*!40101 SET character_set_client = utf8 */;
CREATE TABLE `inoutline` (
  `InOutLineID` bigint(20) NOT NULL AUTO_INCREMENT,
  `created` date DEFAULT NULL,
  `createdBy` bigint(20) DEFAULT NULL,
  `Discount` decimal(19,2) DEFAULT NULL,
  `modified` date DEFAULT NULL,
  `modifiedBy` bigint(20) DEFAULT NULL,
  `Quantity` decimal(19,2) DEFAULT NULL,
  `RatioWithDefault` decimal(19,2) DEFAULT NULL,
  `UnitMoney` varchar(255) DEFAULT NULL,
  `UnitPrice` decimal(19,2) NOT NULL,
  `UnitProduct` varchar(255) DEFAULT NULL,
  `value` varchar(255) DEFAULT NULL,
  `InOutID` bigint(20) DEFAULT NULL,
  `ProductID` bigint(20) DEFAULT NULL,
  PRIMARY KEY (`InOutLineID`),
  KEY `FK_272797c566084a28a0bdc79bca8` (`InOutID`),
  KEY `FK_ab00bd3bb9d841428bf59ee0efb` (`ProductID`),
  CONSTRAINT `FK_272797c566084a28a0bdc79bca8` FOREIGN KEY (`InOutID`) REFERENCES `inout` (`InOutID`),
  CONSTRAINT `FK_ab00bd3bb9d841428bf59ee0efb` FOREIGN KEY (`ProductID`) REFERENCES `product` (`ProductID`)
) ENGINE=InnoDB DEFAULT CHARSET=utf8;
/*!40101 SET character_set_client = @saved_cs_client */;

--
-- Dumping data for table `inoutline`
--

LOCK TABLES `inoutline` WRITE;
/*!40000 ALTER TABLE `inoutline` DISABLE KEYS */;
/*!40000 ALTER TABLE `inoutline` ENABLE KEYS */;
UNLOCK TABLES;

--
-- Table structure for table `mail_template`
--

DROP TABLE IF EXISTS `mail_template`;
/*!40101 SET @saved_cs_client     = @@character_set_client */;
/*!40101 SET character_set_client = utf8 */;
CREATE TABLE `mail_template` (
  `MailTemplateID` bigint(20) NOT NULL AUTO_INCREMENT,
  `Code` varchar(50) NOT NULL,
  `Content` longtext NOT NULL,
  `Description` longtext,
  `Name` varchar(100) DEFAULT NULL,
  `Subject` varchar(255) DEFAULT NULL,
  PRIMARY KEY (`MailTemplateID`)
) ENGINE=InnoDB DEFAULT CHARSET=latin1;
/*!40101 SET character_set_client = @saved_cs_client */;

--
-- Dumping data for table `mail_template`
--

LOCK TABLES `mail_template` WRITE;
/*!40000 ALTER TABLE `mail_template` DISABLE KEYS */;
/*!40000 ALTER TABLE `mail_template` ENABLE KEYS */;
UNLOCK TABLES;

--
-- Table structure for table `measure_unit`
--

DROP TABLE IF EXISTS `measure_unit`;
/*!40101 SET @saved_cs_client     = @@character_set_client */;
/*!40101 SET character_set_client = utf8 */;
CREATE TABLE `measure_unit` (
  `value` text NOT NULL,
  `name` text,
  `measureunit_ID` bigint(20) NOT NULL AUTO_INCREMENT,
  `description` longtext,
  PRIMARY KEY (`measureunit_ID`)
) ENGINE=InnoDB DEFAULT CHARSET=utf8;
/*!40101 SET character_set_client = @saved_cs_client */;

--
-- Dumping data for table `measure_unit`
--

LOCK TABLES `measure_unit` WRITE;
/*!40000 ALTER TABLE `measure_unit` DISABLE KEYS */;
/*!40000 ALTER TABLE `measure_unit` ENABLE KEYS */;
UNLOCK TABLES;

--
-- Table structure for table `menu`
--

DROP TABLE IF EXISTS `menu`;
/*!40101 SET @saved_cs_client     = @@character_set_client */;
/*!40101 SET character_set_client = utf8 */;
CREATE TABLE `menu` (
  `MenuID` bigint(20) NOT NULL AUTO_INCREMENT,
  `Code` varchar(10) NOT NULL,
  `Description` longtext,
  `IsActive` tinyint(1) NOT NULL,
  `IsSummary` tinyint(1) NOT NULL,
  `Name` varchar(60) NOT NULL,
  `ViewClass` longtext,
  `ParentMenuId` bigint(20) DEFAULT NULL,
  PRIMARY KEY (`MenuID`),
  KEY `FK_3735c2544d664c59a7960e99f13` (`ParentMenuId`),
  CONSTRAINT `FK_3735c2544d664c59a7960e99f13` FOREIGN KEY (`ParentMenuId`) REFERENCES `menu` (`MenuID`)
) ENGINE=InnoDB DEFAULT CHARSET=utf8;
/*!40101 SET character_set_client = @saved_cs_client */;

--
-- Dumping data for table `menu`
--

LOCK TABLES `menu` WRITE;
/*!40000 ALTER TABLE `menu` DISABLE KEYS */;
/*!40000 ALTER TABLE `menu` ENABLE KEYS */;
UNLOCK TABLES;

--
-- Table structure for table `popup`
--

DROP TABLE IF EXISTS `popup`;
/*!40101 SET @saved_cs_client     = @@character_set_client */;
/*!40101 SET character_set_client = utf8 */;
CREATE TABLE `popup` (
  `PopupID` bigint(20) NOT NULL AUTO_INCREMENT,
  `Name` varchar(255) NOT NULL,
  `PopupClass` varchar(2000) NOT NULL,
  `Active` tinyint(1) NOT NULL DEFAULT '1',
  `Fragment` varchar(100) NOT NULL,
  PRIMARY KEY (`PopupID`)
) ENGINE=InnoDB AUTO_INCREMENT=38 DEFAULT CHARSET=utf8;
/*!40101 SET character_set_client = @saved_cs_client */;

--
-- Dumping data for table `popup`
--

LOCK TABLES `popup` WRITE;
/*!40000 ALTER TABLE `popup` DISABLE KEYS */;
INSERT INTO `popup` VALUES (1,'new.user','com.viettel.webui.view.popup.NewUserPFS',1,'new'),(2,'detail.user','com.viettel.webui.view.popup.DetailUserPFS',1,'detail'),(3,'new.view','com.viettel.webui.view.PopupView',1,'detail'),(5,'new.enterprise','com.viettel.webui.view.PopupEnterprise',1,'detail'),(6,'new.viewgroup','com.viettel.webui.view.PopupGroupView',1,'detail'),(7,'detail.enterprise','com.viettel.webui.view.PopupEnterprise',1,'detail'),(8,'detail.department','com.viettel.webui.view.PopupDepartment',1,'detail'),(9,'detail.employee','com.viettel.webui.view.PopupEmployee',1,'detail'),(10,'new.inout','com.viettel.webui.view.PopupInOut',1,'detail'),(17,'new.customer','com.viettel.webui.view.PopupCustomer',1,'detail'),(18,'new.product','com.viettel.webui.view.PopupProduct',1,'detail'),(19,'new.warehouse','com.viettel.webui.view.PopupWarehouse',1,'detail'),(20,'app.detail','com.viettel.webui.view.popup.ApplicationDetailPopup',1,'detail'),(21,'detail.popup','com.viettel.webui.view.PopupChooser',1,'detail'),(22,'user.report','com.viettel.webui.report.view.UserReportView',1,'report'),(36,'new.product','com.viettel.webui.view.PopupProduct',1,'detail'),(37,'app.new','com.viettel.webui.view.popup.ApplicationDetailPopup',1,'new');
/*!40000 ALTER TABLE `popup` ENABLE KEYS */;
UNLOCK TABLES;

--
-- Table structure for table `position`
--

DROP TABLE IF EXISTS `position`;
/*!40101 SET @saved_cs_client     = @@character_set_client */;
/*!40101 SET character_set_client = utf8 */;
CREATE TABLE `position` (
  `PositionID` bigint(20) NOT NULL AUTO_INCREMENT,
  `Code` varchar(255) NOT NULL,
  `Name` varchar(255) NOT NULL,
  `NumberLimit` bigint(20) DEFAULT NULL,
  PRIMARY KEY (`PositionID`)
) ENGINE=InnoDB DEFAULT CHARSET=utf8;
/*!40101 SET character_set_client = @saved_cs_client */;

--
-- Dumping data for table `position`
--

LOCK TABLES `position` WRITE;
/*!40000 ALTER TABLE `position` DISABLE KEYS */;
/*!40000 ALTER TABLE `position` ENABLE KEYS */;
UNLOCK TABLES;

--
-- Table structure for table `product`
--

DROP TABLE IF EXISTS `product`;
/*!40101 SET @saved_cs_client     = @@character_set_client */;
/*!40101 SET character_set_client = utf8 */;
CREATE TABLE `product` (
  `ProductID` bigint(20) NOT NULL AUTO_INCREMENT,
  `Code` varchar(255) DEFAULT NULL,
  `created` date DEFAULT NULL,
  `createdBy` bigint(20) DEFAULT NULL,
  `DateExpire` date DEFAULT NULL,
  `DateOfManufacture` date DEFAULT NULL,
  `modified` date DEFAULT NULL,
  `modifiedBy` bigint(20) DEFAULT NULL,
  `Name` varchar(255) DEFAULT NULL,
  `value` varchar(255) DEFAULT NULL,
  `Vender` varchar(255) DEFAULT NULL,
  `DepartmentID` bigint(20) DEFAULT NULL,
  PRIMARY KEY (`ProductID`),
  KEY `FK_e64ea045d12a419c8a030727177` (`DepartmentID`),
  CONSTRAINT `FK_e64ea045d12a419c8a030727177` FOREIGN KEY (`DepartmentID`) REFERENCES `department` (`DepartmentID`)
) ENGINE=InnoDB DEFAULT CHARSET=utf8;
/*!40101 SET character_set_client = @saved_cs_client */;

--
-- Dumping data for table `product`
--

LOCK TABLES `product` WRITE;
/*!40000 ALTER TABLE `product` DISABLE KEYS */;
/*!40000 ALTER TABLE `product` ENABLE KEYS */;
UNLOCK TABLES;

--
-- Table structure for table `report`
--

DROP TABLE IF EXISTS `report`;
/*!40101 SET @saved_cs_client     = @@character_set_client */;
/*!40101 SET character_set_client = utf8 */;
CREATE TABLE `report` (
  `report_id` bigint(20) NOT NULL AUTO_INCREMENT,
  `jasperfile` longtext NOT NULL,
  `name` longtext NOT NULL,
  `process` longtext NOT NULL,
  PRIMARY KEY (`report_id`)
) ENGINE=InnoDB AUTO_INCREMENT=22 DEFAULT CHARSET=utf8;
/*!40101 SET character_set_client = @saved_cs_client */;

--
-- Dumping data for table `report`
--

LOCK TABLES `report` WRITE;
/*!40000 ALTER TABLE `report` DISABLE KEYS */;
INSERT INTO `report` VALUES (20,'user.jasper','TestReport','com.viettel.webui.report.process.UserReportProc'),(21,'chart.jasper','Test Chart','com.viettel.webui.report.process.UserReportChartProc');
/*!40000 ALTER TABLE `report` ENABLE KEYS */;
UNLOCK TABLES;

--
-- Table structure for table `reportparameter`
--

DROP TABLE IF EXISTS `reportparameter`;
/*!40101 SET @saved_cs_client     = @@character_set_client */;
/*!40101 SET character_set_client = utf8 */;
CREATE TABLE `reportparameter` (
  `reportparameter_id` bigint(20) NOT NULL AUTO_INCREMENT,
  `ishidden` tinyint(1) NOT NULL,
  `ismadatory` tinyint(1) NOT NULL,
  `label` longtext NOT NULL,
  `name` longtext NOT NULL,
  `sequence` longtext NOT NULL,
  `type` longtext NOT NULL,
  `report_id` bigint(20) NOT NULL,
  `IsSmeLine` tinyint(1) NOT NULL,
  `NewLine` tinyint(1) NOT NULL,
  PRIMARY KEY (`reportparameter_id`),
  KEY `FK_8ec8f206e06047ce8c5f033537d` (`report_id`),
  CONSTRAINT `FK_8ec8f206e06047ce8c5f033537d` FOREIGN KEY (`report_id`) REFERENCES `report` (`report_id`)
) ENGINE=InnoDB AUTO_INCREMENT=9 DEFAULT CHARSET=latin1;
/*!40101 SET character_set_client = @saved_cs_client */;

--
-- Dumping data for table `reportparameter`
--

LOCK TABLES `reportparameter` WRITE;
/*!40000 ALTER TABLE `reportparameter` DISABLE KEYS */;
INSERT INTO `reportparameter` VALUES (6,0,1,'Ho Ten','NAME','1','com.vaadin.ui.TextField',20,0,0),(7,0,1,'Sinh nam','DATE','3','com.vaadin.ui.ComboBox',20,1,0),(8,0,1,'Tai khoan','USER','2','com.vaadin.ui.TextField',20,1,0);
/*!40000 ALTER TABLE `reportparameter` ENABLE KEYS */;
UNLOCK TABLES;

--
-- Table structure for table `role`
--

DROP TABLE IF EXISTS `role`;
/*!40101 SET @saved_cs_client     = @@character_set_client */;
/*!40101 SET character_set_client = utf8 */;
CREATE TABLE `role` (
  `RoleID` bigint(20) NOT NULL AUTO_INCREMENT,
  `Name` varchar(200) NOT NULL,
  `Code` varchar(60) NOT NULL,
  `Description` varchar(500) DEFAULT NULL,
  PRIMARY KEY (`RoleID`)
) ENGINE=InnoDB AUTO_INCREMENT=5 DEFAULT CHARSET=utf8;
/*!40101 SET character_set_client = @saved_cs_client */;

--
-- Dumping data for table `role`
--

LOCK TABLES `role` WRITE;
/*!40000 ALTER TABLE `role` DISABLE KEYS */;
INSERT INTO `role` VALUES (1,'Administrator','ROLE_ADMIN','Administrator'),(2,'User','ROLE_USER','Vai trò người dùng'),(4,'Người dùng thử nghiệm','ROLE_TEST','Người dùng thử nghiệm ngày hôm nay');
/*!40000 ALTER TABLE `role` ENABLE KEYS */;
UNLOCK TABLES;

--
-- Table structure for table `role_view`
--

DROP TABLE IF EXISTS `role_view`;
/*!40101 SET @saved_cs_client     = @@character_set_client */;
/*!40101 SET character_set_client = utf8 */;
CREATE TABLE `role_view` (
  `RoleID` bigint(20) NOT NULL,
  `ViewID` bigint(20) NOT NULL,
  PRIMARY KEY (`RoleID`,`ViewID`),
  KEY `FK_c65cd2bcc8dd47a7ae482bbbf64` (`ViewID`),
  KEY `FK_6c26717b0ae1433c8414fce7d6e` (`RoleID`),
  CONSTRAINT `FK_6c26717b0ae1433c8414fce7d6e` FOREIGN KEY (`RoleID`) REFERENCES `role` (`RoleID`),
  CONSTRAINT `FK_c65cd2bcc8dd47a7ae482bbbf64` FOREIGN KEY (`ViewID`) REFERENCES `view` (`ViewID`)
) ENGINE=InnoDB DEFAULT CHARSET=utf8;
/*!40101 SET character_set_client = @saved_cs_client */;

--
-- Dumping data for table `role_view`
--

LOCK TABLES `role_view` WRITE;
/*!40000 ALTER TABLE `role_view` DISABLE KEYS */;
INSERT INTO `role_view` VALUES (1,3),(2,3),(1,4),(2,4),(1,5),(2,5),(1,6),(2,6),(1,7),(2,7),(1,8),(2,8),(1,9),(2,9),(1,10),(1,11),(1,26),(1,27),(1,28),(1,29),(1,30),(1,33),(1,34),(1,35),(1,36),(1,37),(1,39),(1,40),(1,41),(1,42),(1,43);
/*!40000 ALTER TABLE `role_view` ENABLE KEYS */;
UNLOCK TABLES;

--
-- Table structure for table `task`
--

DROP TABLE IF EXISTS `task`;
/*!40101 SET @saved_cs_client     = @@character_set_client */;
/*!40101 SET character_set_client = utf8 */;
CREATE TABLE `task` (
  `TaskID` bigint(20) NOT NULL AUTO_INCREMENT,
  `Name` varchar(100) NOT NULL,
  `ProcessPath` varchar(200) DEFAULT NULL,
  `Status` varchar(100) NOT NULL,
  `Type` int(11) NOT NULL,
  `GatewayID` bigint(20) DEFAULT NULL,
  `ParentID` bigint(20) DEFAULT NULL,
  `ChildrenID` bigint(20) DEFAULT NULL,
  PRIMARY KEY (`TaskID`),
  KEY `FK_060a1b758d8e48f0bd7e1673f72` (`GatewayID`),
  KEY `FK_cb9e8acd2f094996bbd43faa0d8` (`ParentID`),
  KEY `FK_e42a412e96d14b299d038c48393` (`ChildrenID`),
  KEY `In_Name` (`Name`),
  KEY `FK_d0c76ae7d4e74ab897e6615c710` (`GatewayID`),
  KEY `FK_c5ea1eb9887a42ac9c56a690453` (`ParentID`),
  KEY `FK_2a8d19cc418741fda1f2e1acd3d` (`ChildrenID`),
  KEY `FK_4b83b77ef62f4a298f1dd88ffa0` (`GatewayID`),
  KEY `FK_c5a77ae3d76344c6b9ff8b1d49a` (`ParentID`),
  KEY `FK_628d08422d3a4528989bf6cbb0f` (`ChildrenID`),
  KEY `FK_0bca7065c66e470f84d27a644bb` (`GatewayID`),
  KEY `FK_026f5e1adf084a6c867c65c0104` (`ParentID`),
  KEY `FK_cae5ad7ef0b242e5b43886e79ef` (`ChildrenID`),
  KEY `FK_98caca5811a94dfba1a0c4cde08` (`GatewayID`),
  KEY `FK_c10dd2b8e58d4ff58ca9672c907` (`ParentID`),
  KEY `FK_97fe7c378f39452e9c825c2a1f4` (`ChildrenID`)
) ENGINE=MyISAM DEFAULT CHARSET=utf8;
/*!40101 SET character_set_client = @saved_cs_client */;

--
-- Dumping data for table `task`
--

LOCK TABLES `task` WRITE;
/*!40000 ALTER TABLE `task` DISABLE KEYS */;
/*!40000 ALTER TABLE `task` ENABLE KEYS */;
UNLOCK TABLES;

--
-- Table structure for table `user`
--

DROP TABLE IF EXISTS `user`;
/*!40101 SET @saved_cs_client     = @@character_set_client */;
/*!40101 SET character_set_client = utf8 */;
CREATE TABLE `user` (
  `UserID` bigint(20) NOT NULL AUTO_INCREMENT,
  `Name` varchar(1000) NOT NULL,
  `Username` varchar(256) NOT NULL,
  `Password` varchar(256) NOT NULL,
  `DOB` timestamp NOT NULL DEFAULT CURRENT_TIMESTAMP ON UPDATE CURRENT_TIMESTAMP,
  `Email` varchar(256) NOT NULL,
  PRIMARY KEY (`UserID`)
) ENGINE=InnoDB AUTO_INCREMENT=3062 DEFAULT CHARSET=utf8;
/*!40101 SET character_set_client = @saved_cs_client */;

--
-- Dumping data for table `user`
--

LOCK TABLES `user` WRITE;
/*!40000 ALTER TABLE `user` DISABLE KEYS */;
INSERT INTO `user` VALUES (9,'Vũ Việt Hưng','hungvv','e10adc3949ba59abbe56e057f20f883e','2013-12-20 08:39:23','hungvv@viettel.com.vn'),(3014,'Hoàng Phương Nhi','nhihp1','e10adc3949ba59abbe56e057f20f883e','2014-01-20 01:30:25','nhihp@viettel.com.vn'),(3015,'Nguyễn Đức Hải','haind','e10adc3949ba59abbe56e057f20f883e','2014-01-20 01:30:25','haind25@viettel.com.vn'),(3016,'Nguyễn Văn Thanh','thanhnv','e10adc3949ba59abbe56e057f20f883e','1991-09-30 17:00:00','thanhnv60@viettel.com.vn'),(3017,'Hung','hungvv','e10adc3949ba59abbe56e057f20f883e','2014-01-20 01:30:25','1'),(3021,'Nguyen Van Phuc','phucnv','e10adc3949ba59abbe56e057f20f883e','2014-01-05 17:00:00','phucnv18@viettel.com.vn'),(3026,'Kim Ha Trung','trungkh','e10adc3949ba59abbe56e057f20f883e','2014-01-30 17:00:00','trungkh'),(3027,'Kim Ha Trung','trungkh','e10adc3949ba59abbe56e057f20f883e','2014-01-20 17:00:00','trungkh'),(3028,'Kim Ha Trung','trungkh','e10adc3949ba59abbe56e057f20f883e','2014-01-20 17:00:00','trungkh'),(3029,'Kim Ha Trung','trungkh','e10adc3949ba59abbe56e057f20f883e','2014-01-30 17:00:00','trungkh'),(3030,'Kim Ha Trung','thanh','e10adc3949ba59abbe56e057f20f883e','2014-01-21 08:54:03','trungkh'),(3031,'Tran Van Tho','thotvdeptrai','e10adc3949ba59abbe56e057f20f883e','2014-01-05 17:00:00','thotv@viettel.com.vn'),(3032,'Đỗ Thị Nhẫn','nhandt4','e10adc3949ba59abbe56e057f20f883e','2014-02-17 02:41:30','nhandt4@viettel.com.vn'),(3033,'khangpn','khangpn','e10adc3949ba59abbe56e057f20f883e','2014-02-15 17:00:00','khangpn'),(3034,'coucou','coucou','e10adc3949ba59abbe56e057f20f883e','2014-03-17 17:00:00','coucou@gmail.com'),(3035,'Hoàng Thị Thơm','thomht','81dc9bdb52d04dc20036dbd8313ed055','2014-03-04 17:00:00','thomht@viettel.com.vn'),(3036,'Kim Ha Trung','trungkh','123456','2014-03-06 08:09:28','trungkh@viettel.vn'),(3037,'Kim Ha Trung','trungkh','123456','2014-03-06 08:15:53','trungkh@viettel.vn'),(3038,'Kim Ha Trung','trungkh','123456','2014-03-06 08:19:09','trungkh@viettel.vn'),(3050,'aloa','alo','123456','2014-03-30 17:00:00','alo@alo.com'),(3053,'boday','alo','123456','2014-03-30 17:00:00','alo@alo.com'),(3054,'huyenlt','huyenlt','123456','2014-04-01 17:00:00','huyenlt14'),(3056,'Đặng Văn A','adv','123456','2014-03-30 17:00:00','adv@abc.com'),(3057,'nguyen van a','usernam','123456','2014-04-01 17:00:00','email'),(3058,'nguyen van a','usernam','123456','2014-04-01 17:00:00','email'),(3059,'nguyen van a','usernam','123456','2014-04-01 17:00:00','email'),(3060,'nguyen van a','usernam','123456','2014-04-01 17:00:00','email'),(3061,'nguyen van a','usernam','123456','2014-04-01 17:00:00','email');
/*!40000 ALTER TABLE `user` ENABLE KEYS */;
UNLOCK TABLES;

--
-- Table structure for table `user_role`
--

DROP TABLE IF EXISTS `user_role`;
/*!40101 SET @saved_cs_client     = @@character_set_client */;
/*!40101 SET character_set_client = utf8 */;
CREATE TABLE `user_role` (
  `UserRoleID` bigint(20) NOT NULL AUTO_INCREMENT,
  `ApplicationID` bigint(20) NOT NULL,
  `UserID` bigint(20) NOT NULL,
  `RoleID` bigint(20) NOT NULL,
  PRIMARY KEY (`UserRoleID`),
  KEY `FK_userrole_role` (`ApplicationID`),
  KEY `FK_user_role_user` (`UserID`),
  CONSTRAINT `FK_user_role_application` FOREIGN KEY (`ApplicationID`) REFERENCES `application` (`ApplicationID`),
  CONSTRAINT `FK_user_role_user` FOREIGN KEY (`UserID`) REFERENCES `user` (`UserID`)
) ENGINE=InnoDB AUTO_INCREMENT=77 DEFAULT CHARSET=utf8;
/*!40101 SET character_set_client = @saved_cs_client */;

--
-- Dumping data for table `user_role`
--

LOCK TABLES `user_role` WRITE;
/*!40000 ALTER TABLE `user_role` DISABLE KEYS */;
INSERT INTO `user_role` VALUES (47,4,9,2),(68,3,9,1),(69,2,9,1),(70,5,9,1),(71,1,9,1),(72,1,3030,1),(73,1,3050,1),(74,1,3035,1),(75,1,3014,1),(76,1,3017,1);
/*!40000 ALTER TABLE `user_role` ENABLE KEYS */;
UNLOCK TABLES;

--
-- Table structure for table `v_config`
--

DROP TABLE IF EXISTS `v_config`;
/*!40101 SET @saved_cs_client     = @@character_set_client */;
/*!40101 SET character_set_client = utf8 */;
CREATE TABLE `v_config` (
  `VConfigID` bigint(20) NOT NULL AUTO_INCREMENT,
  `PropertyName` varchar(100) NOT NULL,
  `Value` varchar(200) NOT NULL,
  PRIMARY KEY (`VConfigID`),
  KEY `In_PropertyName` (`PropertyName`)
) ENGINE=InnoDB DEFAULT CHARSET=latin1;
/*!40101 SET character_set_client = @saved_cs_client */;

--
-- Dumping data for table `v_config`
--

LOCK TABLES `v_config` WRITE;
/*!40000 ALTER TABLE `v_config` DISABLE KEYS */;
/*!40000 ALTER TABLE `v_config` ENABLE KEYS */;
UNLOCK TABLES;

--
-- Table structure for table `view`
--

DROP TABLE IF EXISTS `view`;
/*!40101 SET @saved_cs_client     = @@character_set_client */;
/*!40101 SET character_set_client = utf8 */;
CREATE TABLE `view` (
  `ViewID` bigint(20) NOT NULL AUTO_INCREMENT,
  `Active` tinyint(1) NOT NULL,
  `Code` varchar(60) NOT NULL,
  `Description` varchar(255) DEFAULT NULL,
  `Icon` longtext,
  `SeqNo` int(11) DEFAULT NULL,
  `Menu` tinyint(1) NOT NULL,
  `Name` varchar(60) NOT NULL,
  `Summary` tinyint(1) NOT NULL,
  `ViewClass` varchar(255) DEFAULT NULL,
  `ParentViewId` bigint(20) DEFAULT NULL,
  `ViewGroupID` bigint(20) DEFAULT NULL,
  `Fragment` varchar(100) DEFAULT NULL,
  PRIMARY KEY (`ViewID`),
  KEY `FK_6e67d5f5c80c43c5ae24489244c` (`ParentViewId`),
  KEY `FK_e55d2229df9349419c034d59b43` (`ViewGroupID`),
  KEY `FK_b93abcc5098b4db2826ca87fc99` (`ViewGroupID`),
  CONSTRAINT `FK_6e67d5f5c80c43c5ae24489244c` FOREIGN KEY (`ParentViewId`) REFERENCES `view` (`ViewID`),
  CONSTRAINT `FK_e55d2229df9349419c034d59b43` FOREIGN KEY (`ViewGroupID`) REFERENCES `view_group` (`ViewGroupID`)
) ENGINE=InnoDB AUTO_INCREMENT=45 DEFAULT CHARSET=utf8;
/*!40101 SET character_set_client = @saved_cs_client */;

--
-- Dumping data for table `view`
--

LOCK TABLES `view` WRITE;
/*!40000 ALTER TABLE `view` DISABLE KEYS */;
INSERT INTO `view` VALUES (3,1,'Warehouse',NULL,'img/user.svg',1,1,'Kho hàng',0,'com.viettel.webui.view.WarehouseView',43,3,'warehouse'),(4,1,'Customer',NULL,'img/user.svg',3,1,'Khách hàng',0,'com.viettel.webui.view.CustomerView',41,1,'customer'),(5,1,'Product',NULL,'img/user.svg',3,1,'Sản phẩm',0,'com.viettel.webui.view.ProductView',42,2,'product'),(6,1,'user4',NULL,'img/user.svg',4,1,'Mở rộng',1,'com.viettel.webui.main.MenuPanelView',NULL,NULL,'more'),(7,1,'Department',NULL,'img/user.svg',4,1,'Phòng ban',0,'com.viettel.webui.view.DepartmentView',41,1,'department'),(8,1,'Enterprise',NULL,'img/user.svg',1,1,'Đơn vị',0,'com.viettel.webui.view.EnterpriseView',41,1,'enterprise'),(9,1,'Employee',NULL,'img/user.svg',1,1,'Nhân viên',0,'com.viettel.webui.view.EmployeeView',41,1,'employee'),(10,1,'dashboard',NULL,'img/user.svg',1,1,'Dashboard',0,'com.viettel.webui.view.UserView',NULL,NULL,'dashboard'),(11,1,'view','',NULL,2,1,'Chức năng',0,'com.viettel.webui.view.ViewDetail',27,NULL,'view'),(26,1,'application','Application menu summry','img/application24.png',5,1,'Ứng dụng',1,'',NULL,NULL,''),(27,1,'security','Security menu summary','img/lock-flat-24.png',3,1,'Bảo mật',1,'',NULL,NULL,''),(28,1,'applicationList','Application list menu',NULL,1,1,'Danh sách',0,'com.viettel.webui.view.ApplicationView',26,NULL,'apps/list'),(29,1,'applicationAccess','Application access',NULL,2,1,'Truy cập',0,'com.viettel.webui.view.ApplicationUserView',26,NULL,'apps/access'),(30,1,'role','Role list',NULL,1,1,'Vai trò',0,'com.viettel.webui.view.RoleView',27,NULL,'role'),(33,1,'InOut',NULL,'img/user.svg',4,1,'Nhập/Xuất kho',0,'com.viettel.webui.view.InOutView',43,3,'inout'),(34,1,'RP',NULL,'img/report.svg',5,1,'Báo cáo',1,'com.viettel.webui.main.MenuPanelView',NULL,NULL,'report'),(35,1,'UDDRA',NULL,'img/report.svg',1,1,'Ngày sinh',0,'com.viettel.webui.view.UserByMonthDDR',34,4,'userbymonth'),(36,1,'reportdetail',NULL,'',1,0,'Chi tiết báo cáo',0,'com.viettel.webui.view.UserByMonthDDRDetail',NULL,NULL,'reportdetail'),(37,1,'popup',NULL,'',1,1,'Popup',0,'com.viettel.webui.view.PopupChooserView',27,NULL,'popup'),(39,1,'TestView',NULL,'img/user.svg',1,1,'TestView',0,'com.viettel.webui.view.TestView',43,3,'TestView'),(40,1,'popuplist',NULL,'img/user.svg',1,1,'Danh sách Popup',0,'com.viettel.webui.view.MenuView',NULL,NULL,'popuplist'),(41,1,'morong.nhom1',NULL,NULL,1,0,'Nhóm mở rộng 1',1,NULL,6,NULL,NULL),(42,1,'morong.nhom2',NULL,'img/report.svg',1,0,'Nhóm mở rộng 2',1,NULL,6,NULL,NULL),(43,1,'morong.nhom3',NULL,'img/report.svg',1,0,'Nhóm mở rộng 3',1,NULL,6,NULL,NULL);
/*!40000 ALTER TABLE `view` ENABLE KEYS */;
UNLOCK TABLES;

--
-- Table structure for table `view_group`
--

DROP TABLE IF EXISTS `view_group`;
/*!40101 SET @saved_cs_client     = @@character_set_client */;
/*!40101 SET character_set_client = utf8 */;
CREATE TABLE `view_group` (
  `ViewGroupID` bigint(20) NOT NULL AUTO_INCREMENT,
  `Code` varchar(255) DEFAULT NULL,
  `Level` int(11) DEFAULT NULL,
  `Name` varchar(255) DEFAULT NULL,
  `ViewID` bigint(20) NOT NULL,
  PRIMARY KEY (`ViewGroupID`),
  KEY `FK_viewgroup_view` (`ViewID`),
  CONSTRAINT `FK_viewgroup_view` FOREIGN KEY (`ViewID`) REFERENCES `view` (`ViewID`)
) ENGINE=InnoDB AUTO_INCREMENT=5 DEFAULT CHARSET=utf8;
/*!40101 SET character_set_client = @saved_cs_client */;

--
-- Dumping data for table `view_group`
--

LOCK TABLES `view_group` WRITE;
/*!40000 ALTER TABLE `view_group` DISABLE KEYS */;
INSERT INTO `view_group` VALUES (1,'gr1',1,'Cơ cấu - Tổ chức',6),(2,'gr2',3,'Mua bán',6),(3,'gr3',9,'Hàng hóa - Vật tư',6),(4,'gr4',1,'Người dùng',34);
/*!40000 ALTER TABLE `view_group` ENABLE KEYS */;
UNLOCK TABLES;

--
-- Table structure for table `view_popup`
--

DROP TABLE IF EXISTS `view_popup`;
/*!40101 SET @saved_cs_client     = @@character_set_client */;
/*!40101 SET character_set_client = utf8 */;
CREATE TABLE `view_popup` (
  `ViewID` bigint(20) NOT NULL,
  `PopupID` bigint(20) NOT NULL,
  PRIMARY KEY (`ViewID`,`PopupID`),
  KEY `FK_viewpopup_popup` (`PopupID`),
  CONSTRAINT `FK_viewpopup_popup` FOREIGN KEY (`PopupID`) REFERENCES `popup` (`PopupID`),
  CONSTRAINT `FK_viewpopup_view` FOREIGN KEY (`ViewID`) REFERENCES `view` (`ViewID`)
) ENGINE=InnoDB DEFAULT CHARSET=utf8;
/*!40101 SET character_set_client = @saved_cs_client */;

--
-- Dumping data for table `view_popup`
--

LOCK TABLES `view_popup` WRITE;
/*!40000 ALTER TABLE `view_popup` DISABLE KEYS */;
INSERT INTO `view_popup` VALUES (10,1),(10,2),(36,2),(11,3),(8,7),(7,8),(9,9),(33,10),(4,17),(5,18),(3,19),(28,20),(37,21),(10,22),(28,37);
/*!40000 ALTER TABLE `view_popup` ENABLE KEYS */;
UNLOCK TABLES;

--
-- Table structure for table `vo_condition`
--

DROP TABLE IF EXISTS `vo_condition`;
/*!40101 SET @saved_cs_client     = @@character_set_client */;
/*!40101 SET character_set_client = utf8 */;
CREATE TABLE `vo_condition` (
  `ConditionID` bigint(20) NOT NULL AUTO_INCREMENT,
  `FieldName` varchar(100) DEFAULT NULL,
  `Level` int(11) DEFAULT NULL,
  `OperatorCompare` int(11) DEFAULT NULL,
  `ConditionType` int(11) DEFAULT NULL,
  `Value` varchar(255) DEFAULT NULL,
  `GatewayID` bigint(20) NOT NULL,
  PRIMARY KEY (`ConditionID`),
  KEY `FK_7b2eb87a56ef4e4cb76d9302873` (`GatewayID`),
  KEY `FK_6411425dfa5544b5bae1a489bef` (`GatewayID`),
  KEY `FK_c11bfd774bf44c89bcd8694eda9` (`GatewayID`),
  KEY `FK_1868c2a7fa3448048d77d5ef844` (`GatewayID`),
  KEY `FK_e368e85cd1674fbd9ba79609715` (`GatewayID`)
) ENGINE=MyISAM DEFAULT CHARSET=utf8;
/*!40101 SET character_set_client = @saved_cs_client */;

--
-- Dumping data for table `vo_condition`
--

LOCK TABLES `vo_condition` WRITE;
/*!40000 ALTER TABLE `vo_condition` DISABLE KEYS */;
/*!40000 ALTER TABLE `vo_condition` ENABLE KEYS */;
UNLOCK TABLES;

--
-- Table structure for table `warehouse`
--

DROP TABLE IF EXISTS `warehouse`;
/*!40101 SET @saved_cs_client     = @@character_set_client */;
/*!40101 SET character_set_client = utf8 */;
CREATE TABLE `warehouse` (
  `WarehouseID` bigint(20) NOT NULL AUTO_INCREMENT,
  `Name` varchar(255) NOT NULL,
  `Code` varchar(255) NOT NULL,
  PRIMARY KEY (`WarehouseID`)
) ENGINE=InnoDB AUTO_INCREMENT=3 DEFAULT CHARSET=utf8;
/*!40101 SET character_set_client = @saved_cs_client */;

--
-- Dumping data for table `warehouse`
--

LOCK TABLES `warehouse` WRITE;
/*!40000 ALTER TABLE `warehouse` DISABLE KEYS */;
INSERT INTO `warehouse` VALUES (1,'Kho A','KA'),(2,'Kho B','KB');
/*!40000 ALTER TABLE `warehouse` ENABLE KEYS */;
UNLOCK TABLES;

--
-- Table structure for table `web_service`
--

DROP TABLE IF EXISTS `web_service`;
/*!40101 SET @saved_cs_client     = @@character_set_client */;
/*!40101 SET character_set_client = utf8 */;
CREATE TABLE `web_service` (
  `WebServiceID` bigint(20) NOT NULL AUTO_INCREMENT,
  `ApplicationID` bigint(20) NOT NULL,
  `Name` varchar(500) NOT NULL,
  `Path` varchar(2000) DEFAULT NULL,
  `ServiceInterface` varchar(5000) DEFAULT NULL,
  `Namespace` varchar(2000) DEFAULT NULL,
  `PortName` varchar(500) DEFAULT NULL,
  PRIMARY KEY (`WebServiceID`),
  KEY `FK_applicationservice_application` (`ApplicationID`),
  CONSTRAINT `FK_applicationservice_application` FOREIGN KEY (`ApplicationID`) REFERENCES `application` (`ApplicationID`)
) ENGINE=InnoDB AUTO_INCREMENT=2 DEFAULT CHARSET=utf8;
/*!40101 SET character_set_client = @saved_cs_client */;

--
-- Dumping data for table `web_service`
--

LOCK TABLES `web_service` WRITE;
/*!40000 ALTER TABLE `web_service` DISABLE KEYS */;
INSERT INTO `web_service` VALUES (1,1,'RoleServiceEndPointService','http://localhost:6080/viettel-one-service/ws/role?wsdl','com.viettel.ws.RoleWS','http://ws.backend.viettel.com/','RoleServiceEndPointPort');
/*!40000 ALTER TABLE `web_service` ENABLE KEYS */;
UNLOCK TABLES;

--
-- Table structure for table `workflow`
--

DROP TABLE IF EXISTS `workflow`;
/*!40101 SET @saved_cs_client     = @@character_set_client */;
/*!40101 SET character_set_client = utf8 */;
CREATE TABLE `workflow` (
  `WorkflowID` bigint(20) NOT NULL AUTO_INCREMENT,
  `PoId` bigint(20) NOT NULL,
  `PoName` varchar(100) NOT NULL,
  `TaskID` bigint(20) DEFAULT NULL,
  PRIMARY KEY (`WorkflowID`),
  KEY `FK_fa8ef67b6af3434a86416b83eaa` (`TaskID`),
  KEY `In_PoId` (`PoId`),
  KEY `In_PoName` (`PoName`),
  KEY `FK_14a0fb4959514e5089f1c400cc5` (`TaskID`),
  KEY `FK_634e95090407477ab5f2d4b84b6` (`TaskID`),
  KEY `FK_f07bd2b2e0a24afcad391dc0dcb` (`TaskID`),
  KEY `FK_960cea3e2edc423f80961f8cb55` (`TaskID`)
) ENGINE=MyISAM DEFAULT CHARSET=utf8;
/*!40101 SET character_set_client = @saved_cs_client */;

--
-- Dumping data for table `workflow`
--

LOCK TABLES `workflow` WRITE;
/*!40000 ALTER TABLE `workflow` DISABLE KEYS */;
/*!40000 ALTER TABLE `workflow` ENABLE KEYS */;
UNLOCK TABLES;

--
-- Table structure for table `workflow_role`
--

DROP TABLE IF EXISTS `workflow_role`;
/*!40101 SET @saved_cs_client     = @@character_set_client */;
/*!40101 SET character_set_client = utf8 */;
CREATE TABLE `workflow_role` (
  `WorkflowID` bigint(20) NOT NULL,
  `RoleID` bigint(20) NOT NULL,
  PRIMARY KEY (`WorkflowID`,`RoleID`),
  KEY `FK_aba685035dde4bfb82d9b56a6a5` (`RoleID`),
  KEY `FK_91af73dffabd4c7991914b7953f` (`WorkflowID`),
  KEY `FK_94747a90b6e742c1ab8abb9c524` (`RoleID`),
  KEY `FK_73c1ec075d624e4cb8ea0760ced` (`WorkflowID`),
  KEY `FK_7939c747c3624418b1506b0ce48` (`RoleID`),
  KEY `FK_febbf720dfed4eef81f2819fa29` (`WorkflowID`),
  KEY `FK_68c7d3376884419b88a113026f4` (`RoleID`),
  KEY `FK_f9301c22529a4d18a524e2fad70` (`WorkflowID`),
  KEY `FK_71f0a118e1824a86ac7783f882c` (`RoleID`),
  KEY `FK_66f4547e4e444522b620a4d8c2c` (`WorkflowID`)
) ENGINE=MyISAM DEFAULT CHARSET=utf8;
/*!40101 SET character_set_client = @saved_cs_client */;

--
-- Dumping data for table `workflow_role`
--

LOCK TABLES `workflow_role` WRITE;
/*!40000 ALTER TABLE `workflow_role` DISABLE KEYS */;
/*!40000 ALTER TABLE `workflow_role` ENABLE KEYS */;
UNLOCK TABLES;
/*!40103 SET TIME_ZONE=@OLD_TIME_ZONE */;

/*!40101 SET SQL_MODE=@OLD_SQL_MODE */;
/*!40014 SET FOREIGN_KEY_CHECKS=@OLD_FOREIGN_KEY_CHECKS */;
/*!40014 SET UNIQUE_CHECKS=@OLD_UNIQUE_CHECKS */;
/*!40101 SET CHARACTER_SET_CLIENT=@OLD_CHARACTER_SET_CLIENT */;
/*!40101 SET CHARACTER_SET_RESULTS=@OLD_CHARACTER_SET_RESULTS */;
/*!40101 SET COLLATION_CONNECTION=@OLD_COLLATION_CONNECTION */;
/*!40111 SET SQL_NOTES=@OLD_SQL_NOTES */;

-- Dump completed on 2014-04-14  9:45:09
